ISO-10303-21;
HEADER;
/* Generated by software containing ST-Developer
 * from STEP Tools, Inc. (www.steptools.com) 
 */

FILE_DESCRIPTION(
/* description */ (''),
/* implementation_level */ '2;1');

FILE_NAME(
/* name */ 'Lightpipe shield Commodore.stp',
/* time_stamp */ '2026-02-01T08:58:50-05:00',
/* author */ ('adam'),
/* organization */ (''),
/* preprocessor_version */ 'ST-DEVELOPER v20',
/* originating_system */ 'Autodesk Inventor 2025',
/* authorisation */ '');

FILE_SCHEMA (('AUTOMOTIVE_DESIGN { 1 0 10303 214 3 1 1 }'));
ENDSEC;

DATA;
#10=MECHANICAL_DESIGN_GEOMETRIC_PRESENTATION_REPRESENTATION('',(#13),#2682);
#11=SHAPE_REPRESENTATION_RELATIONSHIP('SRR','None',#2689,#12);
#12=ADVANCED_BREP_SHAPE_REPRESENTATION('',(#14),#2681);
#13=STYLED_ITEM('',(#2698),#14);
#14=MANIFOLD_SOLID_BREP('Solid1',#1697);
#15=FACE_BOUND('',#154,.T.);
#16=FACE_BOUND('',#155,.T.);
#17=FACE_BOUND('',#156,.T.);
#18=FACE_OUTER_BOUND('',#97,.T.);
#19=FACE_OUTER_BOUND('',#98,.T.);
#20=FACE_OUTER_BOUND('',#99,.T.);
#21=FACE_OUTER_BOUND('',#100,.T.);
#22=FACE_OUTER_BOUND('',#101,.T.);
#23=FACE_OUTER_BOUND('',#102,.T.);
#24=FACE_OUTER_BOUND('',#103,.T.);
#25=FACE_OUTER_BOUND('',#104,.T.);
#26=FACE_OUTER_BOUND('',#105,.T.);
#27=FACE_OUTER_BOUND('',#106,.T.);
#28=FACE_OUTER_BOUND('',#107,.T.);
#29=FACE_OUTER_BOUND('',#108,.T.);
#30=FACE_OUTER_BOUND('',#109,.T.);
#31=FACE_OUTER_BOUND('',#110,.T.);
#32=FACE_OUTER_BOUND('',#111,.T.);
#33=FACE_OUTER_BOUND('',#112,.T.);
#34=FACE_OUTER_BOUND('',#113,.T.);
#35=FACE_OUTER_BOUND('',#114,.T.);
#36=FACE_OUTER_BOUND('',#115,.T.);
#37=FACE_OUTER_BOUND('',#116,.T.);
#38=FACE_OUTER_BOUND('',#117,.T.);
#39=FACE_OUTER_BOUND('',#118,.T.);
#40=FACE_OUTER_BOUND('',#119,.T.);
#41=FACE_OUTER_BOUND('',#120,.T.);
#42=FACE_OUTER_BOUND('',#121,.T.);
#43=FACE_OUTER_BOUND('',#122,.T.);
#44=FACE_OUTER_BOUND('',#123,.T.);
#45=FACE_OUTER_BOUND('',#124,.T.);
#46=FACE_OUTER_BOUND('',#125,.T.);
#47=FACE_OUTER_BOUND('',#126,.T.);
#48=FACE_OUTER_BOUND('',#127,.T.);
#49=FACE_OUTER_BOUND('',#128,.T.);
#50=FACE_OUTER_BOUND('',#129,.T.);
#51=FACE_OUTER_BOUND('',#130,.T.);
#52=FACE_OUTER_BOUND('',#131,.T.);
#53=FACE_OUTER_BOUND('',#132,.T.);
#54=FACE_OUTER_BOUND('',#133,.T.);
#55=FACE_OUTER_BOUND('',#134,.T.);
#56=FACE_OUTER_BOUND('',#135,.T.);
#57=FACE_OUTER_BOUND('',#136,.T.);
#58=FACE_OUTER_BOUND('',#137,.T.);
#59=FACE_OUTER_BOUND('',#138,.T.);
#60=FACE_OUTER_BOUND('',#139,.T.);
#61=FACE_OUTER_BOUND('',#140,.T.);
#62=FACE_OUTER_BOUND('',#141,.T.);
#63=FACE_OUTER_BOUND('',#142,.T.);
#64=FACE_OUTER_BOUND('',#143,.T.);
#65=FACE_OUTER_BOUND('',#144,.T.);
#66=FACE_OUTER_BOUND('',#145,.T.);
#67=FACE_OUTER_BOUND('',#146,.T.);
#68=FACE_OUTER_BOUND('',#147,.T.);
#69=FACE_OUTER_BOUND('',#148,.T.);
#70=FACE_OUTER_BOUND('',#149,.T.);
#71=FACE_OUTER_BOUND('',#150,.T.);
#72=FACE_OUTER_BOUND('',#151,.T.);
#73=FACE_OUTER_BOUND('',#152,.T.);
#74=FACE_OUTER_BOUND('',#153,.T.);
#75=FACE_OUTER_BOUND('',#157,.T.);
#76=FACE_OUTER_BOUND('',#158,.T.);
#77=FACE_OUTER_BOUND('',#159,.T.);
#78=FACE_OUTER_BOUND('',#160,.T.);
#79=FACE_OUTER_BOUND('',#161,.T.);
#80=FACE_OUTER_BOUND('',#162,.T.);
#81=FACE_OUTER_BOUND('',#163,.T.);
#82=FACE_OUTER_BOUND('',#164,.T.);
#83=FACE_OUTER_BOUND('',#165,.T.);
#84=FACE_OUTER_BOUND('',#166,.T.);
#85=FACE_OUTER_BOUND('',#167,.T.);
#86=FACE_OUTER_BOUND('',#168,.T.);
#87=FACE_OUTER_BOUND('',#169,.T.);
#88=FACE_OUTER_BOUND('',#170,.T.);
#89=FACE_OUTER_BOUND('',#171,.T.);
#90=FACE_OUTER_BOUND('',#172,.T.);
#91=FACE_OUTER_BOUND('',#173,.T.);
#92=FACE_OUTER_BOUND('',#174,.T.);
#93=FACE_OUTER_BOUND('',#175,.T.);
#94=FACE_OUTER_BOUND('',#176,.T.);
#95=FACE_OUTER_BOUND('',#177,.T.);
#96=FACE_OUTER_BOUND('',#178,.T.);
#97=EDGE_LOOP('',(#1059,#1060,#1061,#1062));
#98=EDGE_LOOP('',(#1063,#1064,#1065,#1066));
#99=EDGE_LOOP('',(#1067,#1068,#1069,#1070));
#100=EDGE_LOOP('',(#1071,#1072,#1073,#1074));
#101=EDGE_LOOP('',(#1075,#1076,#1077,#1078,#1079,#1080,#1081,#1082));
#102=EDGE_LOOP('',(#1083,#1084,#1085,#1086,#1087,#1088,#1089,#1090));
#103=EDGE_LOOP('',(#1091,#1092,#1093,#1094,#1095,#1096,#1097,#1098));
#104=EDGE_LOOP('',(#1099,#1100,#1101,#1102));
#105=EDGE_LOOP('',(#1103,#1104,#1105,#1106));
#106=EDGE_LOOP('',(#1107,#1108,#1109,#1110));
#107=EDGE_LOOP('',(#1111,#1112,#1113,#1114));
#108=EDGE_LOOP('',(#1115,#1116,#1117,#1118));
#109=EDGE_LOOP('',(#1119,#1120,#1121,#1122));
#110=EDGE_LOOP('',(#1123,#1124,#1125,#1126));
#111=EDGE_LOOP('',(#1127,#1128,#1129,#1130));
#112=EDGE_LOOP('',(#1131,#1132,#1133,#1134));
#113=EDGE_LOOP('',(#1135,#1136,#1137,#1138));
#114=EDGE_LOOP('',(#1139,#1140,#1141,#1142));
#115=EDGE_LOOP('',(#1143,#1144,#1145,#1146));
#116=EDGE_LOOP('',(#1147,#1148,#1149,#1150));
#117=EDGE_LOOP('',(#1151,#1152,#1153,#1154));
#118=EDGE_LOOP('',(#1155,#1156,#1157,#1158));
#119=EDGE_LOOP('',(#1159,#1160,#1161,#1162));
#120=EDGE_LOOP('',(#1163,#1164,#1165,#1166));
#121=EDGE_LOOP('',(#1167,#1168,#1169,#1170,#1171,#1172,#1173,#1174,#1175,
#1176,#1177,#1178,#1179,#1180,#1181,#1182));
#122=EDGE_LOOP('',(#1183,#1184,#1185,#1186,#1187,#1188,#1189,#1190,#1191,
#1192,#1193,#1194,#1195,#1196,#1197,#1198));
#123=EDGE_LOOP('',(#1199,#1200,#1201,#1202,#1203,#1204,#1205,#1206,#1207,
#1208,#1209,#1210,#1211,#1212,#1213,#1214));
#124=EDGE_LOOP('',(#1215,#1216,#1217,#1218,#1219,#1220,#1221,#1222,#1223,
#1224,#1225,#1226,#1227,#1228,#1229,#1230,#1231,#1232,#1233,#1234,#1235,
#1236));
#125=EDGE_LOOP('',(#1237,#1238,#1239,#1240,#1241,#1242,#1243,#1244,#1245,
#1246,#1247,#1248,#1249,#1250,#1251,#1252,#1253,#1254,#1255,#1256,#1257,
#1258));
#126=EDGE_LOOP('',(#1259,#1260,#1261,#1262,#1263,#1264,#1265,#1266,#1267,
#1268,#1269,#1270,#1271,#1272,#1273,#1274));
#127=EDGE_LOOP('',(#1275,#1276,#1277,#1278));
#128=EDGE_LOOP('',(#1279,#1280,#1281,#1282));
#129=EDGE_LOOP('',(#1283,#1284,#1285,#1286));
#130=EDGE_LOOP('',(#1287,#1288,#1289,#1290));
#131=EDGE_LOOP('',(#1291,#1292,#1293,#1294));
#132=EDGE_LOOP('',(#1295,#1296,#1297,#1298));
#133=EDGE_LOOP('',(#1299,#1300,#1301,#1302));
#134=EDGE_LOOP('',(#1303,#1304,#1305,#1306));
#135=EDGE_LOOP('',(#1307,#1308,#1309,#1310));
#136=EDGE_LOOP('',(#1311,#1312,#1313,#1314));
#137=EDGE_LOOP('',(#1315,#1316,#1317,#1318));
#138=EDGE_LOOP('',(#1319,#1320,#1321,#1322));
#139=EDGE_LOOP('',(#1323,#1324,#1325,#1326));
#140=EDGE_LOOP('',(#1327,#1328,#1329,#1330));
#141=EDGE_LOOP('',(#1331,#1332,#1333,#1334));
#142=EDGE_LOOP('',(#1335,#1336,#1337,#1338));
#143=EDGE_LOOP('',(#1339,#1340,#1341,#1342));
#144=EDGE_LOOP('',(#1343,#1344,#1345,#1346));
#145=EDGE_LOOP('',(#1347,#1348,#1349,#1350));
#146=EDGE_LOOP('',(#1351,#1352,#1353,#1354));
#147=EDGE_LOOP('',(#1355,#1356,#1357,#1358));
#148=EDGE_LOOP('',(#1359,#1360,#1361,#1362));
#149=EDGE_LOOP('',(#1363,#1364,#1365,#1366));
#150=EDGE_LOOP('',(#1367,#1368,#1369,#1370));
#151=EDGE_LOOP('',(#1371,#1372,#1373,#1374,#1375,#1376,#1377,#1378,#1379,
#1380,#1381,#1382,#1383,#1384,#1385,#1386));
#152=EDGE_LOOP('',(#1387,#1388,#1389,#1390,#1391,#1392,#1393,#1394,#1395,
#1396,#1397,#1398,#1399,#1400,#1401,#1402));
#153=EDGE_LOOP('',(#1403,#1404,#1405,#1406));
#154=EDGE_LOOP('',(#1407,#1408,#1409,#1410,#1411,#1412,#1413,#1414,#1415,
#1416,#1417,#1418));
#155=EDGE_LOOP('',(#1419,#1420,#1421,#1422,#1423,#1424,#1425,#1426,#1427,
#1428,#1429,#1430));
#156=EDGE_LOOP('',(#1431,#1432,#1433,#1434,#1435,#1436,#1437,#1438,#1439,
#1440,#1441,#1442));
#157=EDGE_LOOP('',(#1443,#1444,#1445,#1446));
#158=EDGE_LOOP('',(#1447,#1448,#1449,#1450));
#159=EDGE_LOOP('',(#1451,#1452,#1453,#1454));
#160=EDGE_LOOP('',(#1455,#1456,#1457,#1458));
#161=EDGE_LOOP('',(#1459,#1460,#1461,#1462));
#162=EDGE_LOOP('',(#1463,#1464,#1465,#1466));
#163=EDGE_LOOP('',(#1467,#1468,#1469,#1470));
#164=EDGE_LOOP('',(#1471,#1472,#1473,#1474));
#165=EDGE_LOOP('',(#1475,#1476,#1477,#1478));
#166=EDGE_LOOP('',(#1479,#1480,#1481,#1482));
#167=EDGE_LOOP('',(#1483,#1484,#1485,#1486));
#168=EDGE_LOOP('',(#1487,#1488,#1489,#1490));
#169=EDGE_LOOP('',(#1491,#1492,#1493,#1494));
#170=EDGE_LOOP('',(#1495,#1496,#1497,#1498));
#171=EDGE_LOOP('',(#1499,#1500,#1501,#1502));
#172=EDGE_LOOP('',(#1503,#1504,#1505,#1506));
#173=EDGE_LOOP('',(#1507,#1508,#1509,#1510));
#174=EDGE_LOOP('',(#1511,#1512,#1513,#1514));
#175=EDGE_LOOP('',(#1515,#1516,#1517,#1518));
#176=EDGE_LOOP('',(#1519,#1520,#1521,#1522,#1523,#1524,#1525,#1526));
#177=EDGE_LOOP('',(#1527,#1528,#1529,#1530));
#178=EDGE_LOOP('',(#1531,#1532,#1533,#1534,#1535,#1536,#1537,#1538));
#179=LINE('',#2203,#419);
#180=LINE('',#2205,#420);
#181=LINE('',#2207,#421);
#182=LINE('',#2208,#422);
#183=LINE('',#2212,#423);
#184=LINE('',#2214,#424);
#185=LINE('',#2216,#425);
#186=LINE('',#2217,#426);
#187=LINE('',#2221,#427);
#188=LINE('',#2223,#428);
#189=LINE('',#2225,#429);
#190=LINE('',#2226,#430);
#191=LINE('',#2229,#431);
#192=LINE('',#2231,#432);
#193=LINE('',#2232,#433);
#194=LINE('',#2235,#434);
#195=LINE('',#2237,#435);
#196=LINE('',#2239,#436);
#197=LINE('',#2241,#437);
#198=LINE('',#2243,#438);
#199=LINE('',#2245,#439);
#200=LINE('',#2246,#440);
#201=LINE('',#2249,#441);
#202=LINE('',#2251,#442);
#203=LINE('',#2253,#443);
#204=LINE('',#2255,#444);
#205=LINE('',#2257,#445);
#206=LINE('',#2259,#446);
#207=LINE('',#2260,#447);
#208=LINE('',#2264,#448);
#209=LINE('',#2266,#449);
#210=LINE('',#2268,#450);
#211=LINE('',#2270,#451);
#212=LINE('',#2272,#452);
#213=LINE('',#2274,#453);
#214=LINE('',#2276,#454);
#215=LINE('',#2277,#455);
#216=LINE('',#2281,#456);
#217=LINE('',#2282,#457);
#218=LINE('',#2283,#458);
#219=LINE('',#2285,#459);
#220=LINE('',#2289,#460);
#221=LINE('',#2290,#461);
#222=LINE('',#2291,#462);
#223=LINE('',#2293,#463);
#224=LINE('',#2297,#464);
#225=LINE('',#2298,#465);
#226=LINE('',#2299,#466);
#227=LINE('',#2302,#467);
#228=LINE('',#2303,#468);
#229=LINE('',#2306,#469);
#230=LINE('',#2307,#470);
#231=LINE('',#2311,#471);
#232=LINE('',#2312,#472);
#233=LINE('',#2313,#473);
#234=LINE('',#2316,#474);
#235=LINE('',#2317,#475);
#236=LINE('',#2320,#476);
#237=LINE('',#2321,#477);
#238=LINE('',#2324,#478);
#239=LINE('',#2326,#479);
#240=LINE('',#2327,#480);
#241=LINE('',#2330,#481);
#242=LINE('',#2331,#482);
#243=LINE('',#2334,#483);
#244=LINE('',#2335,#484);
#245=LINE('',#2338,#485);
#246=LINE('',#2340,#486);
#247=LINE('',#2341,#487);
#248=LINE('',#2344,#488);
#249=LINE('',#2345,#489);
#250=LINE('',#2348,#490);
#251=LINE('',#2349,#491);
#252=LINE('',#2352,#492);
#253=LINE('',#2354,#493);
#254=LINE('',#2355,#494);
#255=LINE('',#2358,#495);
#256=LINE('',#2360,#496);
#257=LINE('',#2362,#497);
#258=LINE('',#2364,#498);
#259=LINE('',#2366,#499);
#260=LINE('',#2368,#500);
#261=LINE('',#2370,#501);
#262=LINE('',#2372,#502);
#263=LINE('',#2374,#503);
#264=LINE('',#2376,#504);
#265=LINE('',#2378,#505);
#266=LINE('',#2380,#506);
#267=LINE('',#2381,#507);
#268=LINE('',#2384,#508);
#269=LINE('',#2386,#509);
#270=LINE('',#2388,#510);
#271=LINE('',#2390,#511);
#272=LINE('',#2392,#512);
#273=LINE('',#2394,#513);
#274=LINE('',#2396,#514);
#275=LINE('',#2398,#515);
#276=LINE('',#2400,#516);
#277=LINE('',#2402,#517);
#278=LINE('',#2404,#518);
#279=LINE('',#2406,#519);
#280=LINE('',#2407,#520);
#281=LINE('',#2410,#521);
#282=LINE('',#2412,#522);
#283=LINE('',#2414,#523);
#284=LINE('',#2416,#524);
#285=LINE('',#2418,#525);
#286=LINE('',#2420,#526);
#287=LINE('',#2422,#527);
#288=LINE('',#2424,#528);
#289=LINE('',#2426,#529);
#290=LINE('',#2428,#530);
#291=LINE('',#2430,#531);
#292=LINE('',#2432,#532);
#293=LINE('',#2433,#533);
#294=LINE('',#2436,#534);
#295=LINE('',#2438,#535);
#296=LINE('',#2439,#536);
#297=LINE('',#2441,#537);
#298=LINE('',#2442,#538);
#299=LINE('',#2444,#539);
#300=LINE('',#2445,#540);
#301=LINE('',#2447,#541);
#302=LINE('',#2448,#542);
#303=LINE('',#2451,#543);
#304=LINE('',#2452,#544);
#305=LINE('',#2454,#545);
#306=LINE('',#2455,#546);
#307=LINE('',#2457,#547);
#308=LINE('',#2458,#548);
#309=LINE('',#2460,#549);
#310=LINE('',#2462,#550);
#311=LINE('',#2463,#551);
#312=LINE('',#2466,#552);
#313=LINE('',#2468,#553);
#314=LINE('',#2470,#554);
#315=LINE('',#2472,#555);
#316=LINE('',#2474,#556);
#317=LINE('',#2476,#557);
#318=LINE('',#2478,#558);
#319=LINE('',#2480,#559);
#320=LINE('',#2482,#560);
#321=LINE('',#2484,#561);
#322=LINE('',#2485,#562);
#323=LINE('',#2489,#563);
#324=LINE('',#2491,#564);
#325=LINE('',#2493,#565);
#326=LINE('',#2494,#566);
#327=LINE('',#2497,#567);
#328=LINE('',#2499,#568);
#329=LINE('',#2500,#569);
#330=LINE('',#2503,#570);
#331=LINE('',#2505,#571);
#332=LINE('',#2506,#572);
#333=LINE('',#2509,#573);
#334=LINE('',#2511,#574);
#335=LINE('',#2512,#575);
#336=LINE('',#2514,#576);
#337=LINE('',#2517,#577);
#338=LINE('',#2519,#578);
#339=LINE('',#2520,#579);
#340=LINE('',#2522,#580);
#341=LINE('',#2523,#581);
#342=LINE('',#2528,#582);
#343=LINE('',#2530,#583);
#344=LINE('',#2532,#584);
#345=LINE('',#2533,#585);
#346=LINE('',#2536,#586);
#347=LINE('',#2538,#587);
#348=LINE('',#2539,#588);
#349=LINE('',#2542,#589);
#350=LINE('',#2544,#590);
#351=LINE('',#2545,#591);
#352=LINE('',#2548,#592);
#353=LINE('',#2550,#593);
#354=LINE('',#2551,#594);
#355=LINE('',#2553,#595);
#356=LINE('',#2556,#596);
#357=LINE('',#2558,#597);
#358=LINE('',#2559,#598);
#359=LINE('',#2561,#599);
#360=LINE('',#2562,#600);
#361=LINE('',#2566,#601);
#362=LINE('',#2568,#602);
#363=LINE('',#2569,#603);
#364=LINE('',#2572,#604);
#365=LINE('',#2573,#605);
#366=LINE('',#2576,#606);
#367=LINE('',#2577,#607);
#368=LINE('',#2580,#608);
#369=LINE('',#2582,#609);
#370=LINE('',#2583,#610);
#371=LINE('',#2585,#611);
#372=LINE('',#2588,#612);
#373=LINE('',#2590,#613);
#374=LINE('',#2591,#614);
#375=LINE('',#2593,#615);
#376=LINE('',#2594,#616);
#377=LINE('',#2598,#617);
#378=LINE('',#2600,#618);
#379=LINE('',#2602,#619);
#380=LINE('',#2603,#620);
#381=LINE('',#2605,#621);
#382=LINE('',#2607,#622);
#383=LINE('',#2609,#623);
#384=LINE('',#2610,#624);
#385=LINE('',#2613,#625);
#386=LINE('',#2615,#626);
#387=LINE('',#2617,#627);
#388=LINE('',#2618,#628);
#389=LINE('',#2620,#629);
#390=LINE('',#2622,#630);
#391=LINE('',#2624,#631);
#392=LINE('',#2625,#632);
#393=LINE('',#2629,#633);
#394=LINE('',#2631,#634);
#395=LINE('',#2633,#635);
#396=LINE('',#2634,#636);
#397=LINE('',#2635,#637);
#398=LINE('',#2636,#638);
#399=LINE('',#2637,#639);
#400=LINE('',#2638,#640);
#401=LINE('',#2639,#641);
#402=LINE('',#2640,#642);
#403=LINE('',#2642,#643);
#404=LINE('',#2643,#644);
#405=LINE('',#2645,#645);
#406=LINE('',#2646,#646);
#407=LINE('',#2650,#647);
#408=LINE('',#2651,#648);
#409=LINE('',#2653,#649);
#410=LINE('',#2654,#650);
#411=LINE('',#2658,#651);
#412=LINE('',#2659,#652);
#413=LINE('',#2661,#653);
#414=LINE('',#2662,#654);
#415=LINE('',#2672,#655);
#416=LINE('',#2673,#656);
#417=LINE('',#2675,#657);
#418=LINE('',#2677,#658);
#419=VECTOR('',#1803,10.);
#420=VECTOR('',#1804,10.);
#421=VECTOR('',#1805,10.);
#422=VECTOR('',#1806,10.);
#423=VECTOR('',#1809,10.);
#424=VECTOR('',#1810,10.);
#425=VECTOR('',#1811,10.);
#426=VECTOR('',#1812,10.);
#427=VECTOR('',#1815,10.);
#428=VECTOR('',#1816,10.);
#429=VECTOR('',#1817,10.);
#430=VECTOR('',#1818,10.);
#431=VECTOR('',#1821,10.);
#432=VECTOR('',#1822,10.);
#433=VECTOR('',#1823,10.);
#434=VECTOR('',#1826,10.);
#435=VECTOR('',#1827,10.);
#436=VECTOR('',#1828,10.);
#437=VECTOR('',#1829,10.);
#438=VECTOR('',#1830,10.);
#439=VECTOR('',#1831,10.);
#440=VECTOR('',#1832,10.);
#441=VECTOR('',#1835,10.);
#442=VECTOR('',#1836,10.);
#443=VECTOR('',#1837,10.);
#444=VECTOR('',#1838,10.);
#445=VECTOR('',#1839,10.);
#446=VECTOR('',#1840,10.);
#447=VECTOR('',#1841,10.);
#448=VECTOR('',#1844,10.);
#449=VECTOR('',#1845,10.);
#450=VECTOR('',#1846,10.);
#451=VECTOR('',#1847,10.);
#452=VECTOR('',#1848,10.);
#453=VECTOR('',#1849,10.);
#454=VECTOR('',#1850,10.);
#455=VECTOR('',#1851,10.);
#456=VECTOR('',#1854,10.);
#457=VECTOR('',#1855,10.);
#458=VECTOR('',#1856,10.);
#459=VECTOR('',#1859,10.);
#460=VECTOR('',#1862,10.);
#461=VECTOR('',#1863,10.);
#462=VECTOR('',#1864,10.);
#463=VECTOR('',#1867,10.);
#464=VECTOR('',#1870,10.);
#465=VECTOR('',#1871,10.);
#466=VECTOR('',#1872,10.);
#467=VECTOR('',#1875,10.);
#468=VECTOR('',#1876,10.);
#469=VECTOR('',#1879,10.);
#470=VECTOR('',#1880,10.);
#471=VECTOR('',#1883,10.);
#472=VECTOR('',#1884,10.);
#473=VECTOR('',#1885,10.);
#474=VECTOR('',#1888,10.);
#475=VECTOR('',#1889,10.);
#476=VECTOR('',#1892,10.);
#477=VECTOR('',#1893,10.);
#478=VECTOR('',#1896,10.);
#479=VECTOR('',#1897,10.);
#480=VECTOR('',#1898,10.);
#481=VECTOR('',#1901,10.);
#482=VECTOR('',#1902,10.);
#483=VECTOR('',#1905,10.);
#484=VECTOR('',#1906,10.);
#485=VECTOR('',#1909,10.);
#486=VECTOR('',#1910,10.);
#487=VECTOR('',#1911,10.);
#488=VECTOR('',#1914,10.);
#489=VECTOR('',#1915,10.);
#490=VECTOR('',#1918,10.);
#491=VECTOR('',#1919,10.);
#492=VECTOR('',#1922,10.);
#493=VECTOR('',#1923,10.);
#494=VECTOR('',#1924,10.);
#495=VECTOR('',#1927,10.);
#496=VECTOR('',#1928,10.);
#497=VECTOR('',#1929,10.);
#498=VECTOR('',#1930,10.);
#499=VECTOR('',#1931,10.);
#500=VECTOR('',#1932,10.);
#501=VECTOR('',#1933,10.);
#502=VECTOR('',#1934,10.);
#503=VECTOR('',#1935,10.);
#504=VECTOR('',#1936,10.);
#505=VECTOR('',#1937,10.);
#506=VECTOR('',#1938,10.);
#507=VECTOR('',#1939,10.);
#508=VECTOR('',#1942,10.);
#509=VECTOR('',#1943,10.);
#510=VECTOR('',#1944,10.);
#511=VECTOR('',#1945,10.);
#512=VECTOR('',#1946,10.);
#513=VECTOR('',#1947,10.);
#514=VECTOR('',#1948,10.);
#515=VECTOR('',#1949,10.);
#516=VECTOR('',#1950,10.);
#517=VECTOR('',#1951,10.);
#518=VECTOR('',#1952,10.);
#519=VECTOR('',#1953,10.);
#520=VECTOR('',#1954,10.);
#521=VECTOR('',#1957,10.);
#522=VECTOR('',#1958,10.);
#523=VECTOR('',#1959,10.);
#524=VECTOR('',#1960,10.);
#525=VECTOR('',#1961,10.);
#526=VECTOR('',#1962,10.);
#527=VECTOR('',#1963,10.);
#528=VECTOR('',#1964,10.);
#529=VECTOR('',#1965,10.);
#530=VECTOR('',#1966,10.);
#531=VECTOR('',#1967,10.);
#532=VECTOR('',#1968,10.);
#533=VECTOR('',#1969,10.);
#534=VECTOR('',#1972,10.);
#535=VECTOR('',#1973,10.);
#536=VECTOR('',#1974,10.);
#537=VECTOR('',#1975,10.);
#538=VECTOR('',#1976,10.);
#539=VECTOR('',#1977,10.);
#540=VECTOR('',#1978,10.);
#541=VECTOR('',#1979,10.);
#542=VECTOR('',#1980,10.);
#543=VECTOR('',#1983,10.);
#544=VECTOR('',#1984,10.);
#545=VECTOR('',#1985,10.);
#546=VECTOR('',#1986,10.);
#547=VECTOR('',#1987,10.);
#548=VECTOR('',#1988,10.);
#549=VECTOR('',#1989,10.);
#550=VECTOR('',#1990,10.);
#551=VECTOR('',#1991,10.);
#552=VECTOR('',#1994,10.);
#553=VECTOR('',#1995,10.);
#554=VECTOR('',#1996,10.);
#555=VECTOR('',#1997,10.);
#556=VECTOR('',#1998,10.);
#557=VECTOR('',#1999,10.);
#558=VECTOR('',#2000,10.);
#559=VECTOR('',#2001,10.);
#560=VECTOR('',#2002,10.);
#561=VECTOR('',#2003,10.);
#562=VECTOR('',#2004,10.);
#563=VECTOR('',#2007,10.);
#564=VECTOR('',#2008,10.);
#565=VECTOR('',#2009,10.);
#566=VECTOR('',#2010,10.);
#567=VECTOR('',#2013,10.);
#568=VECTOR('',#2014,10.);
#569=VECTOR('',#2015,10.);
#570=VECTOR('',#2018,10.);
#571=VECTOR('',#2019,10.);
#572=VECTOR('',#2020,10.);
#573=VECTOR('',#2023,10.);
#574=VECTOR('',#2024,10.);
#575=VECTOR('',#2025,10.);
#576=VECTOR('',#2028,10.);
#577=VECTOR('',#2031,10.);
#578=VECTOR('',#2032,10.);
#579=VECTOR('',#2033,10.);
#580=VECTOR('',#2036,10.);
#581=VECTOR('',#2037,10.);
#582=VECTOR('',#2042,10.);
#583=VECTOR('',#2043,10.);
#584=VECTOR('',#2044,10.);
#585=VECTOR('',#2045,10.);
#586=VECTOR('',#2048,10.);
#587=VECTOR('',#2049,10.);
#588=VECTOR('',#2050,10.);
#589=VECTOR('',#2053,10.);
#590=VECTOR('',#2054,10.);
#591=VECTOR('',#2055,10.);
#592=VECTOR('',#2058,10.);
#593=VECTOR('',#2059,10.);
#594=VECTOR('',#2060,10.);
#595=VECTOR('',#2063,10.);
#596=VECTOR('',#2066,10.);
#597=VECTOR('',#2067,10.);
#598=VECTOR('',#2068,10.);
#599=VECTOR('',#2071,10.);
#600=VECTOR('',#2072,10.);
#601=VECTOR('',#2077,10.);
#602=VECTOR('',#2078,10.);
#603=VECTOR('',#2079,10.);
#604=VECTOR('',#2082,10.);
#605=VECTOR('',#2083,10.);
#606=VECTOR('',#2086,10.);
#607=VECTOR('',#2087,10.);
#608=VECTOR('',#2090,10.);
#609=VECTOR('',#2091,10.);
#610=VECTOR('',#2092,10.);
#611=VECTOR('',#2095,10.);
#612=VECTOR('',#2098,10.);
#613=VECTOR('',#2099,10.);
#614=VECTOR('',#2100,10.);
#615=VECTOR('',#2103,10.);
#616=VECTOR('',#2104,10.);
#617=VECTOR('',#2109,10.);
#618=VECTOR('',#2110,10.);
#619=VECTOR('',#2111,10.);
#620=VECTOR('',#2112,10.);
#621=VECTOR('',#2113,10.);
#622=VECTOR('',#2114,10.);
#623=VECTOR('',#2115,10.);
#624=VECTOR('',#2116,10.);
#625=VECTOR('',#2119,10.);
#626=VECTOR('',#2120,10.);
#627=VECTOR('',#2121,10.);
#628=VECTOR('',#2122,10.);
#629=VECTOR('',#2123,10.);
#630=VECTOR('',#2124,10.);
#631=VECTOR('',#2125,10.);
#632=VECTOR('',#2126,10.);
#633=VECTOR('',#2129,10.);
#634=VECTOR('',#2130,10.);
#635=VECTOR('',#2131,10.);
#636=VECTOR('',#2132,10.);
#637=VECTOR('',#2133,10.);
#638=VECTOR('',#2134,10.);
#639=VECTOR('',#2135,10.);
#640=VECTOR('',#2136,10.);
#641=VECTOR('',#2137,10.);
#642=VECTOR('',#2138,10.);
#643=VECTOR('',#2141,10.);
#644=VECTOR('',#2142,10.);
#645=VECTOR('',#2145,10.);
#646=VECTOR('',#2146,10.);
#647=VECTOR('',#2153,10.);
#648=VECTOR('',#2154,10.);
#649=VECTOR('',#2157,10.);
#650=VECTOR('',#2158,10.);
#651=VECTOR('',#2165,10.);
#652=VECTOR('',#2166,10.);
#653=VECTOR('',#2169,10.);
#654=VECTOR('',#2170,10.);
#655=VECTOR('',#2189,10.);
#656=VECTOR('',#2190,10.);
#657=VECTOR('',#2193,10.);
#658=VECTOR('',#2196,10.);
#659=VERTEX_POINT('',#2201);
#660=VERTEX_POINT('',#2202);
#661=VERTEX_POINT('',#2204);
#662=VERTEX_POINT('',#2206);
#663=VERTEX_POINT('',#2210);
#664=VERTEX_POINT('',#2211);
#665=VERTEX_POINT('',#2213);
#666=VERTEX_POINT('',#2215);
#667=VERTEX_POINT('',#2219);
#668=VERTEX_POINT('',#2220);
#669=VERTEX_POINT('',#2222);
#670=VERTEX_POINT('',#2224);
#671=VERTEX_POINT('',#2228);
#672=VERTEX_POINT('',#2230);
#673=VERTEX_POINT('',#2234);
#674=VERTEX_POINT('',#2236);
#675=VERTEX_POINT('',#2238);
#676=VERTEX_POINT('',#2240);
#677=VERTEX_POINT('',#2242);
#678=VERTEX_POINT('',#2244);
#679=VERTEX_POINT('',#2248);
#680=VERTEX_POINT('',#2250);
#681=VERTEX_POINT('',#2252);
#682=VERTEX_POINT('',#2254);
#683=VERTEX_POINT('',#2256);
#684=VERTEX_POINT('',#2258);
#685=VERTEX_POINT('',#2262);
#686=VERTEX_POINT('',#2263);
#687=VERTEX_POINT('',#2265);
#688=VERTEX_POINT('',#2267);
#689=VERTEX_POINT('',#2269);
#690=VERTEX_POINT('',#2271);
#691=VERTEX_POINT('',#2273);
#692=VERTEX_POINT('',#2275);
#693=VERTEX_POINT('',#2279);
#694=VERTEX_POINT('',#2280);
#695=VERTEX_POINT('',#2287);
#696=VERTEX_POINT('',#2288);
#697=VERTEX_POINT('',#2295);
#698=VERTEX_POINT('',#2296);
#699=VERTEX_POINT('',#2301);
#700=VERTEX_POINT('',#2305);
#701=VERTEX_POINT('',#2309);
#702=VERTEX_POINT('',#2310);
#703=VERTEX_POINT('',#2315);
#704=VERTEX_POINT('',#2319);
#705=VERTEX_POINT('',#2323);
#706=VERTEX_POINT('',#2325);
#707=VERTEX_POINT('',#2329);
#708=VERTEX_POINT('',#2333);
#709=VERTEX_POINT('',#2337);
#710=VERTEX_POINT('',#2339);
#711=VERTEX_POINT('',#2343);
#712=VERTEX_POINT('',#2347);
#713=VERTEX_POINT('',#2351);
#714=VERTEX_POINT('',#2353);
#715=VERTEX_POINT('',#2357);
#716=VERTEX_POINT('',#2359);
#717=VERTEX_POINT('',#2361);
#718=VERTEX_POINT('',#2363);
#719=VERTEX_POINT('',#2365);
#720=VERTEX_POINT('',#2367);
#721=VERTEX_POINT('',#2369);
#722=VERTEX_POINT('',#2371);
#723=VERTEX_POINT('',#2373);
#724=VERTEX_POINT('',#2375);
#725=VERTEX_POINT('',#2377);
#726=VERTEX_POINT('',#2379);
#727=VERTEX_POINT('',#2383);
#728=VERTEX_POINT('',#2385);
#729=VERTEX_POINT('',#2387);
#730=VERTEX_POINT('',#2389);
#731=VERTEX_POINT('',#2391);
#732=VERTEX_POINT('',#2393);
#733=VERTEX_POINT('',#2395);
#734=VERTEX_POINT('',#2397);
#735=VERTEX_POINT('',#2399);
#736=VERTEX_POINT('',#2401);
#737=VERTEX_POINT('',#2403);
#738=VERTEX_POINT('',#2405);
#739=VERTEX_POINT('',#2409);
#740=VERTEX_POINT('',#2411);
#741=VERTEX_POINT('',#2413);
#742=VERTEX_POINT('',#2415);
#743=VERTEX_POINT('',#2417);
#744=VERTEX_POINT('',#2419);
#745=VERTEX_POINT('',#2421);
#746=VERTEX_POINT('',#2423);
#747=VERTEX_POINT('',#2425);
#748=VERTEX_POINT('',#2427);
#749=VERTEX_POINT('',#2429);
#750=VERTEX_POINT('',#2431);
#751=VERTEX_POINT('',#2435);
#752=VERTEX_POINT('',#2437);
#753=VERTEX_POINT('',#2440);
#754=VERTEX_POINT('',#2443);
#755=VERTEX_POINT('',#2446);
#756=VERTEX_POINT('',#2450);
#757=VERTEX_POINT('',#2453);
#758=VERTEX_POINT('',#2456);
#759=VERTEX_POINT('',#2459);
#760=VERTEX_POINT('',#2461);
#761=VERTEX_POINT('',#2465);
#762=VERTEX_POINT('',#2467);
#763=VERTEX_POINT('',#2469);
#764=VERTEX_POINT('',#2471);
#765=VERTEX_POINT('',#2473);
#766=VERTEX_POINT('',#2475);
#767=VERTEX_POINT('',#2477);
#768=VERTEX_POINT('',#2479);
#769=VERTEX_POINT('',#2481);
#770=VERTEX_POINT('',#2483);
#771=VERTEX_POINT('',#2487);
#772=VERTEX_POINT('',#2488);
#773=VERTEX_POINT('',#2490);
#774=VERTEX_POINT('',#2492);
#775=VERTEX_POINT('',#2496);
#776=VERTEX_POINT('',#2498);
#777=VERTEX_POINT('',#2502);
#778=VERTEX_POINT('',#2504);
#779=VERTEX_POINT('',#2508);
#780=VERTEX_POINT('',#2510);
#781=VERTEX_POINT('',#2516);
#782=VERTEX_POINT('',#2518);
#783=VERTEX_POINT('',#2526);
#784=VERTEX_POINT('',#2527);
#785=VERTEX_POINT('',#2529);
#786=VERTEX_POINT('',#2531);
#787=VERTEX_POINT('',#2535);
#788=VERTEX_POINT('',#2537);
#789=VERTEX_POINT('',#2541);
#790=VERTEX_POINT('',#2543);
#791=VERTEX_POINT('',#2547);
#792=VERTEX_POINT('',#2549);
#793=VERTEX_POINT('',#2555);
#794=VERTEX_POINT('',#2557);
#795=VERTEX_POINT('',#2565);
#796=VERTEX_POINT('',#2567);
#797=VERTEX_POINT('',#2571);
#798=VERTEX_POINT('',#2575);
#799=VERTEX_POINT('',#2579);
#800=VERTEX_POINT('',#2581);
#801=VERTEX_POINT('',#2587);
#802=VERTEX_POINT('',#2589);
#803=VERTEX_POINT('',#2597);
#804=VERTEX_POINT('',#2599);
#805=VERTEX_POINT('',#2601);
#806=VERTEX_POINT('',#2604);
#807=VERTEX_POINT('',#2606);
#808=VERTEX_POINT('',#2608);
#809=VERTEX_POINT('',#2612);
#810=VERTEX_POINT('',#2614);
#811=VERTEX_POINT('',#2616);
#812=VERTEX_POINT('',#2619);
#813=VERTEX_POINT('',#2621);
#814=VERTEX_POINT('',#2623);
#815=VERTEX_POINT('',#2627);
#816=VERTEX_POINT('',#2628);
#817=VERTEX_POINT('',#2630);
#818=VERTEX_POINT('',#2632);
#819=EDGE_CURVE('',#659,#660,#179,.T.);
#820=EDGE_CURVE('',#659,#661,#180,.T.);
#821=EDGE_CURVE('',#662,#661,#181,.T.);
#822=EDGE_CURVE('',#660,#662,#182,.T.);
#823=EDGE_CURVE('',#663,#664,#183,.T.);
#824=EDGE_CURVE('',#663,#665,#184,.T.);
#825=EDGE_CURVE('',#666,#665,#185,.T.);
#826=EDGE_CURVE('',#664,#666,#186,.T.);
#827=EDGE_CURVE('',#667,#668,#187,.T.);
#828=EDGE_CURVE('',#669,#667,#188,.T.);
#829=EDGE_CURVE('',#670,#669,#189,.T.);
#830=EDGE_CURVE('',#670,#668,#190,.T.);
#831=EDGE_CURVE('',#668,#671,#191,.T.);
#832=EDGE_CURVE('',#672,#670,#192,.T.);
#833=EDGE_CURVE('',#671,#672,#193,.T.);
#834=EDGE_CURVE('',#673,#663,#194,.T.);
#835=EDGE_CURVE('',#674,#673,#195,.T.);
#836=EDGE_CURVE('',#675,#674,#196,.T.);
#837=EDGE_CURVE('',#676,#675,#197,.T.);
#838=EDGE_CURVE('',#677,#676,#198,.T.);
#839=EDGE_CURVE('',#678,#677,#199,.T.);
#840=EDGE_CURVE('',#665,#678,#200,.T.);
#841=EDGE_CURVE('',#679,#659,#201,.T.);
#842=EDGE_CURVE('',#680,#679,#202,.T.);
#843=EDGE_CURVE('',#681,#680,#203,.T.);
#844=EDGE_CURVE('',#682,#681,#204,.T.);
#845=EDGE_CURVE('',#683,#682,#205,.T.);
#846=EDGE_CURVE('',#684,#683,#206,.T.);
#847=EDGE_CURVE('',#661,#684,#207,.T.);
#848=EDGE_CURVE('',#685,#686,#208,.T.);
#849=EDGE_CURVE('',#687,#685,#209,.T.);
#850=EDGE_CURVE('',#688,#687,#210,.T.);
#851=EDGE_CURVE('',#689,#688,#211,.T.);
#852=EDGE_CURVE('',#690,#689,#212,.T.);
#853=EDGE_CURVE('',#691,#690,#213,.T.);
#854=EDGE_CURVE('',#692,#691,#214,.T.);
#855=EDGE_CURVE('',#686,#692,#215,.T.);
#856=EDGE_CURVE('',#693,#694,#216,.T.);
#857=EDGE_CURVE('',#693,#678,#217,.T.);
#858=EDGE_CURVE('',#694,#677,#218,.T.);
#859=EDGE_CURVE('',#666,#693,#219,.T.);
#860=EDGE_CURVE('',#695,#696,#220,.T.);
#861=EDGE_CURVE('',#695,#684,#221,.T.);
#862=EDGE_CURVE('',#696,#683,#222,.T.);
#863=EDGE_CURVE('',#662,#695,#223,.T.);
#864=EDGE_CURVE('',#697,#698,#224,.T.);
#865=EDGE_CURVE('',#697,#687,#225,.T.);
#866=EDGE_CURVE('',#698,#685,#226,.T.);
#867=EDGE_CURVE('',#699,#697,#227,.T.);
#868=EDGE_CURVE('',#699,#688,#228,.T.);
#869=EDGE_CURVE('',#700,#699,#229,.T.);
#870=EDGE_CURVE('',#689,#700,#230,.T.);
#871=EDGE_CURVE('',#701,#702,#231,.T.);
#872=EDGE_CURVE('',#701,#691,#232,.T.);
#873=EDGE_CURVE('',#702,#690,#233,.T.);
#874=EDGE_CURVE('',#703,#701,#234,.T.);
#875=EDGE_CURVE('',#703,#692,#235,.T.);
#876=EDGE_CURVE('',#704,#703,#236,.T.);
#877=EDGE_CURVE('',#686,#704,#237,.T.);
#878=EDGE_CURVE('',#705,#679,#238,.T.);
#879=EDGE_CURVE('',#706,#705,#239,.T.);
#880=EDGE_CURVE('',#706,#680,#240,.T.);
#881=EDGE_CURVE('',#707,#706,#241,.T.);
#882=EDGE_CURVE('',#707,#681,#242,.T.);
#883=EDGE_CURVE('',#708,#707,#243,.T.);
#884=EDGE_CURVE('',#682,#708,#244,.T.);
#885=EDGE_CURVE('',#709,#673,#245,.T.);
#886=EDGE_CURVE('',#710,#709,#246,.T.);
#887=EDGE_CURVE('',#710,#674,#247,.T.);
#888=EDGE_CURVE('',#711,#710,#248,.T.);
#889=EDGE_CURVE('',#711,#675,#249,.T.);
#890=EDGE_CURVE('',#712,#711,#250,.T.);
#891=EDGE_CURVE('',#676,#712,#251,.T.);
#892=EDGE_CURVE('',#671,#713,#252,.T.);
#893=EDGE_CURVE('',#714,#672,#253,.T.);
#894=EDGE_CURVE('',#713,#714,#254,.T.);
#895=EDGE_CURVE('',#704,#715,#255,.T.);
#896=EDGE_CURVE('',#715,#716,#256,.T.);
#897=EDGE_CURVE('',#716,#717,#257,.T.);
#898=EDGE_CURVE('',#718,#717,#258,.T.);
#899=EDGE_CURVE('',#719,#718,#259,.T.);
#900=EDGE_CURVE('',#719,#720,#260,.T.);
#901=EDGE_CURVE('',#720,#721,#261,.T.);
#902=EDGE_CURVE('',#721,#722,#262,.T.);
#903=EDGE_CURVE('',#723,#722,#263,.T.);
#904=EDGE_CURVE('',#723,#724,#264,.T.);
#905=EDGE_CURVE('',#724,#725,#265,.T.);
#906=EDGE_CURVE('',#726,#725,#266,.T.);
#907=EDGE_CURVE('',#726,#698,#267,.T.);
#908=EDGE_CURVE('',#708,#727,#268,.T.);
#909=EDGE_CURVE('',#727,#728,#269,.T.);
#910=EDGE_CURVE('',#728,#729,#270,.T.);
#911=EDGE_CURVE('',#730,#729,#271,.T.);
#912=EDGE_CURVE('',#731,#730,#272,.T.);
#913=EDGE_CURVE('',#731,#732,#273,.T.);
#914=EDGE_CURVE('',#732,#733,#274,.T.);
#915=EDGE_CURVE('',#733,#734,#275,.T.);
#916=EDGE_CURVE('',#735,#734,#276,.T.);
#917=EDGE_CURVE('',#735,#736,#277,.T.);
#918=EDGE_CURVE('',#736,#737,#278,.T.);
#919=EDGE_CURVE('',#738,#737,#279,.T.);
#920=EDGE_CURVE('',#738,#696,#280,.T.);
#921=EDGE_CURVE('',#712,#739,#281,.T.);
#922=EDGE_CURVE('',#739,#740,#282,.T.);
#923=EDGE_CURVE('',#740,#741,#283,.T.);
#924=EDGE_CURVE('',#742,#741,#284,.T.);
#925=EDGE_CURVE('',#743,#742,#285,.T.);
#926=EDGE_CURVE('',#743,#744,#286,.T.);
#927=EDGE_CURVE('',#744,#745,#287,.T.);
#928=EDGE_CURVE('',#745,#746,#288,.T.);
#929=EDGE_CURVE('',#747,#746,#289,.T.);
#930=EDGE_CURVE('',#747,#748,#290,.T.);
#931=EDGE_CURVE('',#748,#749,#291,.T.);
#932=EDGE_CURVE('',#750,#749,#292,.T.);
#933=EDGE_CURVE('',#750,#694,#293,.T.);
#934=EDGE_CURVE('',#751,#702,#294,.T.);
#935=EDGE_CURVE('',#752,#751,#295,.T.);
#936=EDGE_CURVE('',#669,#752,#296,.T.);
#937=EDGE_CURVE('',#753,#667,#297,.T.);
#938=EDGE_CURVE('',#739,#753,#298,.T.);
#939=EDGE_CURVE('',#754,#709,#299,.T.);
#940=EDGE_CURVE('',#727,#754,#300,.T.);
#941=EDGE_CURVE('',#755,#705,#301,.T.);
#942=EDGE_CURVE('',#715,#755,#302,.T.);
#943=EDGE_CURVE('',#756,#726,#303,.T.);
#944=EDGE_CURVE('',#660,#756,#304,.T.);
#945=EDGE_CURVE('',#757,#738,#305,.T.);
#946=EDGE_CURVE('',#664,#757,#306,.T.);
#947=EDGE_CURVE('',#758,#750,#307,.T.);
#948=EDGE_CURVE('',#713,#758,#308,.T.);
#949=EDGE_CURVE('',#759,#714,#309,.T.);
#950=EDGE_CURVE('',#760,#759,#310,.T.);
#951=EDGE_CURVE('',#700,#760,#311,.T.);
#952=EDGE_CURVE('',#758,#761,#312,.T.);
#953=EDGE_CURVE('',#761,#762,#313,.T.);
#954=EDGE_CURVE('',#763,#762,#314,.T.);
#955=EDGE_CURVE('',#764,#763,#315,.T.);
#956=EDGE_CURVE('',#764,#765,#316,.T.);
#957=EDGE_CURVE('',#765,#766,#317,.T.);
#958=EDGE_CURVE('',#766,#767,#318,.T.);
#959=EDGE_CURVE('',#768,#767,#319,.T.);
#960=EDGE_CURVE('',#768,#769,#320,.T.);
#961=EDGE_CURVE('',#769,#770,#321,.T.);
#962=EDGE_CURVE('',#753,#770,#322,.T.);
#963=EDGE_CURVE('',#771,#772,#323,.T.);
#964=EDGE_CURVE('',#773,#771,#324,.T.);
#965=EDGE_CURVE('',#773,#774,#325,.T.);
#966=EDGE_CURVE('',#774,#772,#326,.T.);
#967=EDGE_CURVE('',#772,#775,#327,.T.);
#968=EDGE_CURVE('',#776,#774,#328,.T.);
#969=EDGE_CURVE('',#775,#776,#329,.T.);
#970=EDGE_CURVE('',#775,#777,#330,.T.);
#971=EDGE_CURVE('',#778,#776,#331,.T.);
#972=EDGE_CURVE('',#777,#778,#332,.T.);
#973=EDGE_CURVE('',#721,#779,#333,.T.);
#974=EDGE_CURVE('',#780,#779,#334,.T.);
#975=EDGE_CURVE('',#722,#780,#335,.T.);
#976=EDGE_CURVE('',#778,#773,#336,.T.);
#977=EDGE_CURVE('',#781,#719,#337,.T.);
#978=EDGE_CURVE('',#781,#782,#338,.T.);
#979=EDGE_CURVE('',#782,#720,#339,.T.);
#980=EDGE_CURVE('',#780,#781,#340,.T.);
#981=EDGE_CURVE('',#779,#782,#341,.T.);
#982=EDGE_CURVE('',#783,#784,#342,.T.);
#983=EDGE_CURVE('',#785,#783,#343,.T.);
#984=EDGE_CURVE('',#785,#786,#344,.T.);
#985=EDGE_CURVE('',#786,#784,#345,.T.);
#986=EDGE_CURVE('',#784,#787,#346,.T.);
#987=EDGE_CURVE('',#788,#786,#347,.T.);
#988=EDGE_CURVE('',#787,#788,#348,.T.);
#989=EDGE_CURVE('',#787,#789,#349,.T.);
#990=EDGE_CURVE('',#790,#788,#350,.T.);
#991=EDGE_CURVE('',#789,#790,#351,.T.);
#992=EDGE_CURVE('',#733,#791,#352,.T.);
#993=EDGE_CURVE('',#792,#791,#353,.T.);
#994=EDGE_CURVE('',#734,#792,#354,.T.);
#995=EDGE_CURVE('',#790,#785,#355,.T.);
#996=EDGE_CURVE('',#793,#731,#356,.T.);
#997=EDGE_CURVE('',#793,#794,#357,.T.);
#998=EDGE_CURVE('',#794,#732,#358,.T.);
#999=EDGE_CURVE('',#792,#793,#359,.T.);
#1000=EDGE_CURVE('',#791,#794,#360,.T.);
#1001=EDGE_CURVE('',#795,#764,#361,.T.);
#1002=EDGE_CURVE('',#795,#796,#362,.T.);
#1003=EDGE_CURVE('',#796,#765,#363,.T.);
#1004=EDGE_CURVE('',#797,#796,#364,.T.);
#1005=EDGE_CURVE('',#766,#797,#365,.T.);
#1006=EDGE_CURVE('',#798,#797,#366,.T.);
#1007=EDGE_CURVE('',#767,#798,#367,.T.);
#1008=EDGE_CURVE('',#745,#799,#368,.T.);
#1009=EDGE_CURVE('',#800,#799,#369,.T.);
#1010=EDGE_CURVE('',#746,#800,#370,.T.);
#1011=EDGE_CURVE('',#798,#795,#371,.T.);
#1012=EDGE_CURVE('',#801,#743,#372,.T.);
#1013=EDGE_CURVE('',#801,#802,#373,.T.);
#1014=EDGE_CURVE('',#802,#744,#374,.T.);
#1015=EDGE_CURVE('',#800,#801,#375,.T.);
#1016=EDGE_CURVE('',#799,#802,#376,.T.);
#1017=EDGE_CURVE('',#756,#803,#377,.T.);
#1018=EDGE_CURVE('',#803,#804,#378,.T.);
#1019=EDGE_CURVE('',#805,#804,#379,.T.);
#1020=EDGE_CURVE('',#771,#805,#380,.T.);
#1021=EDGE_CURVE('',#806,#777,#381,.T.);
#1022=EDGE_CURVE('',#806,#807,#382,.T.);
#1023=EDGE_CURVE('',#807,#808,#383,.T.);
#1024=EDGE_CURVE('',#755,#808,#384,.T.);
#1025=EDGE_CURVE('',#757,#809,#385,.T.);
#1026=EDGE_CURVE('',#809,#810,#386,.T.);
#1027=EDGE_CURVE('',#811,#810,#387,.T.);
#1028=EDGE_CURVE('',#783,#811,#388,.T.);
#1029=EDGE_CURVE('',#812,#789,#389,.T.);
#1030=EDGE_CURVE('',#812,#813,#390,.T.);
#1031=EDGE_CURVE('',#813,#814,#391,.T.);
#1032=EDGE_CURVE('',#754,#814,#392,.T.);
#1033=EDGE_CURVE('',#815,#816,#393,.T.);
#1034=EDGE_CURVE('',#816,#817,#394,.T.);
#1035=EDGE_CURVE('',#817,#818,#395,.T.);
#1036=EDGE_CURVE('',#818,#815,#396,.T.);
#1037=EDGE_CURVE('',#742,#768,#397,.T.);
#1038=EDGE_CURVE('',#763,#747,#398,.T.);
#1039=EDGE_CURVE('',#730,#812,#399,.T.);
#1040=EDGE_CURVE('',#811,#735,#400,.T.);
#1041=EDGE_CURVE('',#718,#806,#401,.T.);
#1042=EDGE_CURVE('',#805,#723,#402,.T.);
#1043=EDGE_CURVE('',#725,#803,#403,.T.);
#1044=EDGE_CURVE('',#804,#724,#404,.T.);
#1045=EDGE_CURVE('',#808,#716,#405,.T.);
#1046=EDGE_CURVE('',#717,#807,#406,.T.);
#1047=EDGE_CURVE('',#737,#809,#407,.T.);
#1048=EDGE_CURVE('',#810,#736,#408,.T.);
#1049=EDGE_CURVE('',#814,#728,#409,.T.);
#1050=EDGE_CURVE('',#729,#813,#410,.T.);
#1051=EDGE_CURVE('',#749,#761,#411,.T.);
#1052=EDGE_CURVE('',#762,#748,#412,.T.);
#1053=EDGE_CURVE('',#770,#740,#413,.T.);
#1054=EDGE_CURVE('',#741,#769,#414,.T.);
#1055=EDGE_CURVE('',#751,#815,#415,.T.);
#1056=EDGE_CURVE('',#752,#818,#416,.T.);
#1057=EDGE_CURVE('',#759,#817,#417,.T.);
#1058=EDGE_CURVE('',#760,#816,#418,.T.);
#1059=ORIENTED_EDGE('',*,*,#819,.F.);
#1060=ORIENTED_EDGE('',*,*,#820,.T.);
#1061=ORIENTED_EDGE('',*,*,#821,.F.);
#1062=ORIENTED_EDGE('',*,*,#822,.F.);
#1063=ORIENTED_EDGE('',*,*,#823,.F.);
#1064=ORIENTED_EDGE('',*,*,#824,.T.);
#1065=ORIENTED_EDGE('',*,*,#825,.F.);
#1066=ORIENTED_EDGE('',*,*,#826,.F.);
#1067=ORIENTED_EDGE('',*,*,#827,.F.);
#1068=ORIENTED_EDGE('',*,*,#828,.F.);
#1069=ORIENTED_EDGE('',*,*,#829,.F.);
#1070=ORIENTED_EDGE('',*,*,#830,.T.);
#1071=ORIENTED_EDGE('',*,*,#831,.F.);
#1072=ORIENTED_EDGE('',*,*,#830,.F.);
#1073=ORIENTED_EDGE('',*,*,#832,.F.);
#1074=ORIENTED_EDGE('',*,*,#833,.F.);
#1075=ORIENTED_EDGE('',*,*,#834,.F.);
#1076=ORIENTED_EDGE('',*,*,#835,.F.);
#1077=ORIENTED_EDGE('',*,*,#836,.F.);
#1078=ORIENTED_EDGE('',*,*,#837,.F.);
#1079=ORIENTED_EDGE('',*,*,#838,.F.);
#1080=ORIENTED_EDGE('',*,*,#839,.F.);
#1081=ORIENTED_EDGE('',*,*,#840,.F.);
#1082=ORIENTED_EDGE('',*,*,#824,.F.);
#1083=ORIENTED_EDGE('',*,*,#841,.F.);
#1084=ORIENTED_EDGE('',*,*,#842,.F.);
#1085=ORIENTED_EDGE('',*,*,#843,.F.);
#1086=ORIENTED_EDGE('',*,*,#844,.F.);
#1087=ORIENTED_EDGE('',*,*,#845,.F.);
#1088=ORIENTED_EDGE('',*,*,#846,.F.);
#1089=ORIENTED_EDGE('',*,*,#847,.F.);
#1090=ORIENTED_EDGE('',*,*,#820,.F.);
#1091=ORIENTED_EDGE('',*,*,#848,.F.);
#1092=ORIENTED_EDGE('',*,*,#849,.F.);
#1093=ORIENTED_EDGE('',*,*,#850,.F.);
#1094=ORIENTED_EDGE('',*,*,#851,.F.);
#1095=ORIENTED_EDGE('',*,*,#852,.F.);
#1096=ORIENTED_EDGE('',*,*,#853,.F.);
#1097=ORIENTED_EDGE('',*,*,#854,.F.);
#1098=ORIENTED_EDGE('',*,*,#855,.F.);
#1099=ORIENTED_EDGE('',*,*,#856,.F.);
#1100=ORIENTED_EDGE('',*,*,#857,.T.);
#1101=ORIENTED_EDGE('',*,*,#839,.T.);
#1102=ORIENTED_EDGE('',*,*,#858,.F.);
#1103=ORIENTED_EDGE('',*,*,#859,.F.);
#1104=ORIENTED_EDGE('',*,*,#825,.T.);
#1105=ORIENTED_EDGE('',*,*,#840,.T.);
#1106=ORIENTED_EDGE('',*,*,#857,.F.);
#1107=ORIENTED_EDGE('',*,*,#860,.F.);
#1108=ORIENTED_EDGE('',*,*,#861,.T.);
#1109=ORIENTED_EDGE('',*,*,#846,.T.);
#1110=ORIENTED_EDGE('',*,*,#862,.F.);
#1111=ORIENTED_EDGE('',*,*,#863,.F.);
#1112=ORIENTED_EDGE('',*,*,#821,.T.);
#1113=ORIENTED_EDGE('',*,*,#847,.T.);
#1114=ORIENTED_EDGE('',*,*,#861,.F.);
#1115=ORIENTED_EDGE('',*,*,#864,.F.);
#1116=ORIENTED_EDGE('',*,*,#865,.T.);
#1117=ORIENTED_EDGE('',*,*,#849,.T.);
#1118=ORIENTED_EDGE('',*,*,#866,.F.);
#1119=ORIENTED_EDGE('',*,*,#867,.F.);
#1120=ORIENTED_EDGE('',*,*,#868,.T.);
#1121=ORIENTED_EDGE('',*,*,#850,.T.);
#1122=ORIENTED_EDGE('',*,*,#865,.F.);
#1123=ORIENTED_EDGE('',*,*,#869,.F.);
#1124=ORIENTED_EDGE('',*,*,#870,.F.);
#1125=ORIENTED_EDGE('',*,*,#851,.T.);
#1126=ORIENTED_EDGE('',*,*,#868,.F.);
#1127=ORIENTED_EDGE('',*,*,#871,.F.);
#1128=ORIENTED_EDGE('',*,*,#872,.T.);
#1129=ORIENTED_EDGE('',*,*,#853,.T.);
#1130=ORIENTED_EDGE('',*,*,#873,.F.);
#1131=ORIENTED_EDGE('',*,*,#874,.F.);
#1132=ORIENTED_EDGE('',*,*,#875,.T.);
#1133=ORIENTED_EDGE('',*,*,#854,.T.);
#1134=ORIENTED_EDGE('',*,*,#872,.F.);
#1135=ORIENTED_EDGE('',*,*,#876,.F.);
#1136=ORIENTED_EDGE('',*,*,#877,.F.);
#1137=ORIENTED_EDGE('',*,*,#855,.T.);
#1138=ORIENTED_EDGE('',*,*,#875,.F.);
#1139=ORIENTED_EDGE('',*,*,#878,.F.);
#1140=ORIENTED_EDGE('',*,*,#879,.F.);
#1141=ORIENTED_EDGE('',*,*,#880,.T.);
#1142=ORIENTED_EDGE('',*,*,#842,.T.);
#1143=ORIENTED_EDGE('',*,*,#881,.F.);
#1144=ORIENTED_EDGE('',*,*,#882,.T.);
#1145=ORIENTED_EDGE('',*,*,#843,.T.);
#1146=ORIENTED_EDGE('',*,*,#880,.F.);
#1147=ORIENTED_EDGE('',*,*,#883,.F.);
#1148=ORIENTED_EDGE('',*,*,#884,.F.);
#1149=ORIENTED_EDGE('',*,*,#844,.T.);
#1150=ORIENTED_EDGE('',*,*,#882,.F.);
#1151=ORIENTED_EDGE('',*,*,#885,.F.);
#1152=ORIENTED_EDGE('',*,*,#886,.F.);
#1153=ORIENTED_EDGE('',*,*,#887,.T.);
#1154=ORIENTED_EDGE('',*,*,#835,.T.);
#1155=ORIENTED_EDGE('',*,*,#888,.F.);
#1156=ORIENTED_EDGE('',*,*,#889,.T.);
#1157=ORIENTED_EDGE('',*,*,#836,.T.);
#1158=ORIENTED_EDGE('',*,*,#887,.F.);
#1159=ORIENTED_EDGE('',*,*,#890,.F.);
#1160=ORIENTED_EDGE('',*,*,#891,.F.);
#1161=ORIENTED_EDGE('',*,*,#837,.T.);
#1162=ORIENTED_EDGE('',*,*,#889,.F.);
#1163=ORIENTED_EDGE('',*,*,#892,.F.);
#1164=ORIENTED_EDGE('',*,*,#833,.T.);
#1165=ORIENTED_EDGE('',*,*,#893,.F.);
#1166=ORIENTED_EDGE('',*,*,#894,.F.);
#1167=ORIENTED_EDGE('',*,*,#866,.T.);
#1168=ORIENTED_EDGE('',*,*,#848,.T.);
#1169=ORIENTED_EDGE('',*,*,#877,.T.);
#1170=ORIENTED_EDGE('',*,*,#895,.T.);
#1171=ORIENTED_EDGE('',*,*,#896,.T.);
#1172=ORIENTED_EDGE('',*,*,#897,.T.);
#1173=ORIENTED_EDGE('',*,*,#898,.F.);
#1174=ORIENTED_EDGE('',*,*,#899,.F.);
#1175=ORIENTED_EDGE('',*,*,#900,.T.);
#1176=ORIENTED_EDGE('',*,*,#901,.T.);
#1177=ORIENTED_EDGE('',*,*,#902,.T.);
#1178=ORIENTED_EDGE('',*,*,#903,.F.);
#1179=ORIENTED_EDGE('',*,*,#904,.T.);
#1180=ORIENTED_EDGE('',*,*,#905,.T.);
#1181=ORIENTED_EDGE('',*,*,#906,.F.);
#1182=ORIENTED_EDGE('',*,*,#907,.T.);
#1183=ORIENTED_EDGE('',*,*,#862,.T.);
#1184=ORIENTED_EDGE('',*,*,#845,.T.);
#1185=ORIENTED_EDGE('',*,*,#884,.T.);
#1186=ORIENTED_EDGE('',*,*,#908,.T.);
#1187=ORIENTED_EDGE('',*,*,#909,.T.);
#1188=ORIENTED_EDGE('',*,*,#910,.T.);
#1189=ORIENTED_EDGE('',*,*,#911,.F.);
#1190=ORIENTED_EDGE('',*,*,#912,.F.);
#1191=ORIENTED_EDGE('',*,*,#913,.T.);
#1192=ORIENTED_EDGE('',*,*,#914,.T.);
#1193=ORIENTED_EDGE('',*,*,#915,.T.);
#1194=ORIENTED_EDGE('',*,*,#916,.F.);
#1195=ORIENTED_EDGE('',*,*,#917,.T.);
#1196=ORIENTED_EDGE('',*,*,#918,.T.);
#1197=ORIENTED_EDGE('',*,*,#919,.F.);
#1198=ORIENTED_EDGE('',*,*,#920,.T.);
#1199=ORIENTED_EDGE('',*,*,#858,.T.);
#1200=ORIENTED_EDGE('',*,*,#838,.T.);
#1201=ORIENTED_EDGE('',*,*,#891,.T.);
#1202=ORIENTED_EDGE('',*,*,#921,.T.);
#1203=ORIENTED_EDGE('',*,*,#922,.T.);
#1204=ORIENTED_EDGE('',*,*,#923,.T.);
#1205=ORIENTED_EDGE('',*,*,#924,.F.);
#1206=ORIENTED_EDGE('',*,*,#925,.F.);
#1207=ORIENTED_EDGE('',*,*,#926,.T.);
#1208=ORIENTED_EDGE('',*,*,#927,.T.);
#1209=ORIENTED_EDGE('',*,*,#928,.T.);
#1210=ORIENTED_EDGE('',*,*,#929,.F.);
#1211=ORIENTED_EDGE('',*,*,#930,.T.);
#1212=ORIENTED_EDGE('',*,*,#931,.T.);
#1213=ORIENTED_EDGE('',*,*,#932,.F.);
#1214=ORIENTED_EDGE('',*,*,#933,.T.);
#1215=ORIENTED_EDGE('',*,*,#871,.T.);
#1216=ORIENTED_EDGE('',*,*,#934,.F.);
#1217=ORIENTED_EDGE('',*,*,#935,.F.);
#1218=ORIENTED_EDGE('',*,*,#936,.F.);
#1219=ORIENTED_EDGE('',*,*,#828,.T.);
#1220=ORIENTED_EDGE('',*,*,#937,.F.);
#1221=ORIENTED_EDGE('',*,*,#938,.F.);
#1222=ORIENTED_EDGE('',*,*,#921,.F.);
#1223=ORIENTED_EDGE('',*,*,#890,.T.);
#1224=ORIENTED_EDGE('',*,*,#888,.T.);
#1225=ORIENTED_EDGE('',*,*,#886,.T.);
#1226=ORIENTED_EDGE('',*,*,#939,.F.);
#1227=ORIENTED_EDGE('',*,*,#940,.F.);
#1228=ORIENTED_EDGE('',*,*,#908,.F.);
#1229=ORIENTED_EDGE('',*,*,#883,.T.);
#1230=ORIENTED_EDGE('',*,*,#881,.T.);
#1231=ORIENTED_EDGE('',*,*,#879,.T.);
#1232=ORIENTED_EDGE('',*,*,#941,.F.);
#1233=ORIENTED_EDGE('',*,*,#942,.F.);
#1234=ORIENTED_EDGE('',*,*,#895,.F.);
#1235=ORIENTED_EDGE('',*,*,#876,.T.);
#1236=ORIENTED_EDGE('',*,*,#874,.T.);
#1237=ORIENTED_EDGE('',*,*,#869,.T.);
#1238=ORIENTED_EDGE('',*,*,#867,.T.);
#1239=ORIENTED_EDGE('',*,*,#864,.T.);
#1240=ORIENTED_EDGE('',*,*,#907,.F.);
#1241=ORIENTED_EDGE('',*,*,#943,.F.);
#1242=ORIENTED_EDGE('',*,*,#944,.F.);
#1243=ORIENTED_EDGE('',*,*,#822,.T.);
#1244=ORIENTED_EDGE('',*,*,#863,.T.);
#1245=ORIENTED_EDGE('',*,*,#860,.T.);
#1246=ORIENTED_EDGE('',*,*,#920,.F.);
#1247=ORIENTED_EDGE('',*,*,#945,.F.);
#1248=ORIENTED_EDGE('',*,*,#946,.F.);
#1249=ORIENTED_EDGE('',*,*,#826,.T.);
#1250=ORIENTED_EDGE('',*,*,#859,.T.);
#1251=ORIENTED_EDGE('',*,*,#856,.T.);
#1252=ORIENTED_EDGE('',*,*,#933,.F.);
#1253=ORIENTED_EDGE('',*,*,#947,.F.);
#1254=ORIENTED_EDGE('',*,*,#948,.F.);
#1255=ORIENTED_EDGE('',*,*,#894,.T.);
#1256=ORIENTED_EDGE('',*,*,#949,.F.);
#1257=ORIENTED_EDGE('',*,*,#950,.F.);
#1258=ORIENTED_EDGE('',*,*,#951,.F.);
#1259=ORIENTED_EDGE('',*,*,#827,.T.);
#1260=ORIENTED_EDGE('',*,*,#831,.T.);
#1261=ORIENTED_EDGE('',*,*,#892,.T.);
#1262=ORIENTED_EDGE('',*,*,#948,.T.);
#1263=ORIENTED_EDGE('',*,*,#952,.T.);
#1264=ORIENTED_EDGE('',*,*,#953,.T.);
#1265=ORIENTED_EDGE('',*,*,#954,.F.);
#1266=ORIENTED_EDGE('',*,*,#955,.F.);
#1267=ORIENTED_EDGE('',*,*,#956,.T.);
#1268=ORIENTED_EDGE('',*,*,#957,.T.);
#1269=ORIENTED_EDGE('',*,*,#958,.T.);
#1270=ORIENTED_EDGE('',*,*,#959,.F.);
#1271=ORIENTED_EDGE('',*,*,#960,.T.);
#1272=ORIENTED_EDGE('',*,*,#961,.T.);
#1273=ORIENTED_EDGE('',*,*,#962,.F.);
#1274=ORIENTED_EDGE('',*,*,#937,.T.);
#1275=ORIENTED_EDGE('',*,*,#963,.F.);
#1276=ORIENTED_EDGE('',*,*,#964,.F.);
#1277=ORIENTED_EDGE('',*,*,#965,.T.);
#1278=ORIENTED_EDGE('',*,*,#966,.T.);
#1279=ORIENTED_EDGE('',*,*,#967,.F.);
#1280=ORIENTED_EDGE('',*,*,#966,.F.);
#1281=ORIENTED_EDGE('',*,*,#968,.F.);
#1282=ORIENTED_EDGE('',*,*,#969,.F.);
#1283=ORIENTED_EDGE('',*,*,#970,.F.);
#1284=ORIENTED_EDGE('',*,*,#969,.T.);
#1285=ORIENTED_EDGE('',*,*,#971,.F.);
#1286=ORIENTED_EDGE('',*,*,#972,.F.);
#1287=ORIENTED_EDGE('',*,*,#902,.F.);
#1288=ORIENTED_EDGE('',*,*,#973,.T.);
#1289=ORIENTED_EDGE('',*,*,#974,.F.);
#1290=ORIENTED_EDGE('',*,*,#975,.F.);
#1291=ORIENTED_EDGE('',*,*,#976,.F.);
#1292=ORIENTED_EDGE('',*,*,#971,.T.);
#1293=ORIENTED_EDGE('',*,*,#968,.T.);
#1294=ORIENTED_EDGE('',*,*,#965,.F.);
#1295=ORIENTED_EDGE('',*,*,#900,.F.);
#1296=ORIENTED_EDGE('',*,*,#977,.F.);
#1297=ORIENTED_EDGE('',*,*,#978,.T.);
#1298=ORIENTED_EDGE('',*,*,#979,.T.);
#1299=ORIENTED_EDGE('',*,*,#980,.F.);
#1300=ORIENTED_EDGE('',*,*,#974,.T.);
#1301=ORIENTED_EDGE('',*,*,#981,.T.);
#1302=ORIENTED_EDGE('',*,*,#978,.F.);
#1303=ORIENTED_EDGE('',*,*,#901,.F.);
#1304=ORIENTED_EDGE('',*,*,#979,.F.);
#1305=ORIENTED_EDGE('',*,*,#981,.F.);
#1306=ORIENTED_EDGE('',*,*,#973,.F.);
#1307=ORIENTED_EDGE('',*,*,#982,.F.);
#1308=ORIENTED_EDGE('',*,*,#983,.F.);
#1309=ORIENTED_EDGE('',*,*,#984,.T.);
#1310=ORIENTED_EDGE('',*,*,#985,.T.);
#1311=ORIENTED_EDGE('',*,*,#986,.F.);
#1312=ORIENTED_EDGE('',*,*,#985,.F.);
#1313=ORIENTED_EDGE('',*,*,#987,.F.);
#1314=ORIENTED_EDGE('',*,*,#988,.F.);
#1315=ORIENTED_EDGE('',*,*,#989,.F.);
#1316=ORIENTED_EDGE('',*,*,#988,.T.);
#1317=ORIENTED_EDGE('',*,*,#990,.F.);
#1318=ORIENTED_EDGE('',*,*,#991,.F.);
#1319=ORIENTED_EDGE('',*,*,#915,.F.);
#1320=ORIENTED_EDGE('',*,*,#992,.T.);
#1321=ORIENTED_EDGE('',*,*,#993,.F.);
#1322=ORIENTED_EDGE('',*,*,#994,.F.);
#1323=ORIENTED_EDGE('',*,*,#995,.F.);
#1324=ORIENTED_EDGE('',*,*,#990,.T.);
#1325=ORIENTED_EDGE('',*,*,#987,.T.);
#1326=ORIENTED_EDGE('',*,*,#984,.F.);
#1327=ORIENTED_EDGE('',*,*,#913,.F.);
#1328=ORIENTED_EDGE('',*,*,#996,.F.);
#1329=ORIENTED_EDGE('',*,*,#997,.T.);
#1330=ORIENTED_EDGE('',*,*,#998,.T.);
#1331=ORIENTED_EDGE('',*,*,#999,.F.);
#1332=ORIENTED_EDGE('',*,*,#993,.T.);
#1333=ORIENTED_EDGE('',*,*,#1000,.T.);
#1334=ORIENTED_EDGE('',*,*,#997,.F.);
#1335=ORIENTED_EDGE('',*,*,#914,.F.);
#1336=ORIENTED_EDGE('',*,*,#998,.F.);
#1337=ORIENTED_EDGE('',*,*,#1000,.F.);
#1338=ORIENTED_EDGE('',*,*,#992,.F.);
#1339=ORIENTED_EDGE('',*,*,#956,.F.);
#1340=ORIENTED_EDGE('',*,*,#1001,.F.);
#1341=ORIENTED_EDGE('',*,*,#1002,.T.);
#1342=ORIENTED_EDGE('',*,*,#1003,.T.);
#1343=ORIENTED_EDGE('',*,*,#957,.F.);
#1344=ORIENTED_EDGE('',*,*,#1003,.F.);
#1345=ORIENTED_EDGE('',*,*,#1004,.F.);
#1346=ORIENTED_EDGE('',*,*,#1005,.F.);
#1347=ORIENTED_EDGE('',*,*,#958,.F.);
#1348=ORIENTED_EDGE('',*,*,#1005,.T.);
#1349=ORIENTED_EDGE('',*,*,#1006,.F.);
#1350=ORIENTED_EDGE('',*,*,#1007,.F.);
#1351=ORIENTED_EDGE('',*,*,#928,.F.);
#1352=ORIENTED_EDGE('',*,*,#1008,.T.);
#1353=ORIENTED_EDGE('',*,*,#1009,.F.);
#1354=ORIENTED_EDGE('',*,*,#1010,.F.);
#1355=ORIENTED_EDGE('',*,*,#1011,.F.);
#1356=ORIENTED_EDGE('',*,*,#1006,.T.);
#1357=ORIENTED_EDGE('',*,*,#1004,.T.);
#1358=ORIENTED_EDGE('',*,*,#1002,.F.);
#1359=ORIENTED_EDGE('',*,*,#926,.F.);
#1360=ORIENTED_EDGE('',*,*,#1012,.F.);
#1361=ORIENTED_EDGE('',*,*,#1013,.T.);
#1362=ORIENTED_EDGE('',*,*,#1014,.T.);
#1363=ORIENTED_EDGE('',*,*,#1015,.F.);
#1364=ORIENTED_EDGE('',*,*,#1009,.T.);
#1365=ORIENTED_EDGE('',*,*,#1016,.T.);
#1366=ORIENTED_EDGE('',*,*,#1013,.F.);
#1367=ORIENTED_EDGE('',*,*,#927,.F.);
#1368=ORIENTED_EDGE('',*,*,#1014,.F.);
#1369=ORIENTED_EDGE('',*,*,#1016,.F.);
#1370=ORIENTED_EDGE('',*,*,#1008,.F.);
#1371=ORIENTED_EDGE('',*,*,#819,.T.);
#1372=ORIENTED_EDGE('',*,*,#944,.T.);
#1373=ORIENTED_EDGE('',*,*,#1017,.T.);
#1374=ORIENTED_EDGE('',*,*,#1018,.T.);
#1375=ORIENTED_EDGE('',*,*,#1019,.F.);
#1376=ORIENTED_EDGE('',*,*,#1020,.F.);
#1377=ORIENTED_EDGE('',*,*,#963,.T.);
#1378=ORIENTED_EDGE('',*,*,#967,.T.);
#1379=ORIENTED_EDGE('',*,*,#970,.T.);
#1380=ORIENTED_EDGE('',*,*,#1021,.F.);
#1381=ORIENTED_EDGE('',*,*,#1022,.T.);
#1382=ORIENTED_EDGE('',*,*,#1023,.T.);
#1383=ORIENTED_EDGE('',*,*,#1024,.F.);
#1384=ORIENTED_EDGE('',*,*,#941,.T.);
#1385=ORIENTED_EDGE('',*,*,#878,.T.);
#1386=ORIENTED_EDGE('',*,*,#841,.T.);
#1387=ORIENTED_EDGE('',*,*,#823,.T.);
#1388=ORIENTED_EDGE('',*,*,#946,.T.);
#1389=ORIENTED_EDGE('',*,*,#1025,.T.);
#1390=ORIENTED_EDGE('',*,*,#1026,.T.);
#1391=ORIENTED_EDGE('',*,*,#1027,.F.);
#1392=ORIENTED_EDGE('',*,*,#1028,.F.);
#1393=ORIENTED_EDGE('',*,*,#982,.T.);
#1394=ORIENTED_EDGE('',*,*,#986,.T.);
#1395=ORIENTED_EDGE('',*,*,#989,.T.);
#1396=ORIENTED_EDGE('',*,*,#1029,.F.);
#1397=ORIENTED_EDGE('',*,*,#1030,.T.);
#1398=ORIENTED_EDGE('',*,*,#1031,.T.);
#1399=ORIENTED_EDGE('',*,*,#1032,.F.);
#1400=ORIENTED_EDGE('',*,*,#939,.T.);
#1401=ORIENTED_EDGE('',*,*,#885,.T.);
#1402=ORIENTED_EDGE('',*,*,#834,.T.);
#1403=ORIENTED_EDGE('',*,*,#1033,.T.);
#1404=ORIENTED_EDGE('',*,*,#1034,.T.);
#1405=ORIENTED_EDGE('',*,*,#1035,.T.);
#1406=ORIENTED_EDGE('',*,*,#1036,.T.);
#1407=ORIENTED_EDGE('',*,*,#1010,.T.);
#1408=ORIENTED_EDGE('',*,*,#1015,.T.);
#1409=ORIENTED_EDGE('',*,*,#1012,.T.);
#1410=ORIENTED_EDGE('',*,*,#925,.T.);
#1411=ORIENTED_EDGE('',*,*,#1037,.T.);
#1412=ORIENTED_EDGE('',*,*,#959,.T.);
#1413=ORIENTED_EDGE('',*,*,#1007,.T.);
#1414=ORIENTED_EDGE('',*,*,#1011,.T.);
#1415=ORIENTED_EDGE('',*,*,#1001,.T.);
#1416=ORIENTED_EDGE('',*,*,#955,.T.);
#1417=ORIENTED_EDGE('',*,*,#1038,.T.);
#1418=ORIENTED_EDGE('',*,*,#929,.T.);
#1419=ORIENTED_EDGE('',*,*,#994,.T.);
#1420=ORIENTED_EDGE('',*,*,#999,.T.);
#1421=ORIENTED_EDGE('',*,*,#996,.T.);
#1422=ORIENTED_EDGE('',*,*,#912,.T.);
#1423=ORIENTED_EDGE('',*,*,#1039,.T.);
#1424=ORIENTED_EDGE('',*,*,#1029,.T.);
#1425=ORIENTED_EDGE('',*,*,#991,.T.);
#1426=ORIENTED_EDGE('',*,*,#995,.T.);
#1427=ORIENTED_EDGE('',*,*,#983,.T.);
#1428=ORIENTED_EDGE('',*,*,#1028,.T.);
#1429=ORIENTED_EDGE('',*,*,#1040,.T.);
#1430=ORIENTED_EDGE('',*,*,#916,.T.);
#1431=ORIENTED_EDGE('',*,*,#975,.T.);
#1432=ORIENTED_EDGE('',*,*,#980,.T.);
#1433=ORIENTED_EDGE('',*,*,#977,.T.);
#1434=ORIENTED_EDGE('',*,*,#899,.T.);
#1435=ORIENTED_EDGE('',*,*,#1041,.T.);
#1436=ORIENTED_EDGE('',*,*,#1021,.T.);
#1437=ORIENTED_EDGE('',*,*,#972,.T.);
#1438=ORIENTED_EDGE('',*,*,#976,.T.);
#1439=ORIENTED_EDGE('',*,*,#964,.T.);
#1440=ORIENTED_EDGE('',*,*,#1020,.T.);
#1441=ORIENTED_EDGE('',*,*,#1042,.T.);
#1442=ORIENTED_EDGE('',*,*,#903,.T.);
#1443=ORIENTED_EDGE('',*,*,#1043,.F.);
#1444=ORIENTED_EDGE('',*,*,#905,.F.);
#1445=ORIENTED_EDGE('',*,*,#1044,.F.);
#1446=ORIENTED_EDGE('',*,*,#1018,.F.);
#1447=ORIENTED_EDGE('',*,*,#1045,.F.);
#1448=ORIENTED_EDGE('',*,*,#1023,.F.);
#1449=ORIENTED_EDGE('',*,*,#1046,.F.);
#1450=ORIENTED_EDGE('',*,*,#897,.F.);
#1451=ORIENTED_EDGE('',*,*,#1042,.F.);
#1452=ORIENTED_EDGE('',*,*,#1019,.T.);
#1453=ORIENTED_EDGE('',*,*,#1044,.T.);
#1454=ORIENTED_EDGE('',*,*,#904,.F.);
#1455=ORIENTED_EDGE('',*,*,#1041,.F.);
#1456=ORIENTED_EDGE('',*,*,#898,.T.);
#1457=ORIENTED_EDGE('',*,*,#1046,.T.);
#1458=ORIENTED_EDGE('',*,*,#1022,.F.);
#1459=ORIENTED_EDGE('',*,*,#1047,.F.);
#1460=ORIENTED_EDGE('',*,*,#918,.F.);
#1461=ORIENTED_EDGE('',*,*,#1048,.F.);
#1462=ORIENTED_EDGE('',*,*,#1026,.F.);
#1463=ORIENTED_EDGE('',*,*,#1049,.F.);
#1464=ORIENTED_EDGE('',*,*,#1031,.F.);
#1465=ORIENTED_EDGE('',*,*,#1050,.F.);
#1466=ORIENTED_EDGE('',*,*,#910,.F.);
#1467=ORIENTED_EDGE('',*,*,#1040,.F.);
#1468=ORIENTED_EDGE('',*,*,#1027,.T.);
#1469=ORIENTED_EDGE('',*,*,#1048,.T.);
#1470=ORIENTED_EDGE('',*,*,#917,.F.);
#1471=ORIENTED_EDGE('',*,*,#1039,.F.);
#1472=ORIENTED_EDGE('',*,*,#911,.T.);
#1473=ORIENTED_EDGE('',*,*,#1050,.T.);
#1474=ORIENTED_EDGE('',*,*,#1030,.F.);
#1475=ORIENTED_EDGE('',*,*,#1051,.F.);
#1476=ORIENTED_EDGE('',*,*,#931,.F.);
#1477=ORIENTED_EDGE('',*,*,#1052,.F.);
#1478=ORIENTED_EDGE('',*,*,#953,.F.);
#1479=ORIENTED_EDGE('',*,*,#1053,.F.);
#1480=ORIENTED_EDGE('',*,*,#961,.F.);
#1481=ORIENTED_EDGE('',*,*,#1054,.F.);
#1482=ORIENTED_EDGE('',*,*,#923,.F.);
#1483=ORIENTED_EDGE('',*,*,#1038,.F.);
#1484=ORIENTED_EDGE('',*,*,#954,.T.);
#1485=ORIENTED_EDGE('',*,*,#1052,.T.);
#1486=ORIENTED_EDGE('',*,*,#930,.F.);
#1487=ORIENTED_EDGE('',*,*,#1037,.F.);
#1488=ORIENTED_EDGE('',*,*,#924,.T.);
#1489=ORIENTED_EDGE('',*,*,#1054,.T.);
#1490=ORIENTED_EDGE('',*,*,#960,.F.);
#1491=ORIENTED_EDGE('',*,*,#1045,.T.);
#1492=ORIENTED_EDGE('',*,*,#896,.F.);
#1493=ORIENTED_EDGE('',*,*,#942,.T.);
#1494=ORIENTED_EDGE('',*,*,#1024,.T.);
#1495=ORIENTED_EDGE('',*,*,#1049,.T.);
#1496=ORIENTED_EDGE('',*,*,#909,.F.);
#1497=ORIENTED_EDGE('',*,*,#940,.T.);
#1498=ORIENTED_EDGE('',*,*,#1032,.T.);
#1499=ORIENTED_EDGE('',*,*,#1053,.T.);
#1500=ORIENTED_EDGE('',*,*,#922,.F.);
#1501=ORIENTED_EDGE('',*,*,#938,.T.);
#1502=ORIENTED_EDGE('',*,*,#962,.T.);
#1503=ORIENTED_EDGE('',*,*,#1051,.T.);
#1504=ORIENTED_EDGE('',*,*,#952,.F.);
#1505=ORIENTED_EDGE('',*,*,#947,.T.);
#1506=ORIENTED_EDGE('',*,*,#932,.T.);
#1507=ORIENTED_EDGE('',*,*,#1047,.T.);
#1508=ORIENTED_EDGE('',*,*,#1025,.F.);
#1509=ORIENTED_EDGE('',*,*,#945,.T.);
#1510=ORIENTED_EDGE('',*,*,#919,.T.);
#1511=ORIENTED_EDGE('',*,*,#1043,.T.);
#1512=ORIENTED_EDGE('',*,*,#1017,.F.);
#1513=ORIENTED_EDGE('',*,*,#943,.T.);
#1514=ORIENTED_EDGE('',*,*,#906,.T.);
#1515=ORIENTED_EDGE('',*,*,#935,.T.);
#1516=ORIENTED_EDGE('',*,*,#1055,.T.);
#1517=ORIENTED_EDGE('',*,*,#1036,.F.);
#1518=ORIENTED_EDGE('',*,*,#1056,.F.);
#1519=ORIENTED_EDGE('',*,*,#829,.T.);
#1520=ORIENTED_EDGE('',*,*,#936,.T.);
#1521=ORIENTED_EDGE('',*,*,#1056,.T.);
#1522=ORIENTED_EDGE('',*,*,#1035,.F.);
#1523=ORIENTED_EDGE('',*,*,#1057,.F.);
#1524=ORIENTED_EDGE('',*,*,#949,.T.);
#1525=ORIENTED_EDGE('',*,*,#893,.T.);
#1526=ORIENTED_EDGE('',*,*,#832,.T.);
#1527=ORIENTED_EDGE('',*,*,#950,.T.);
#1528=ORIENTED_EDGE('',*,*,#1057,.T.);
#1529=ORIENTED_EDGE('',*,*,#1034,.F.);
#1530=ORIENTED_EDGE('',*,*,#1058,.F.);
#1531=ORIENTED_EDGE('',*,*,#870,.T.);
#1532=ORIENTED_EDGE('',*,*,#951,.T.);
#1533=ORIENTED_EDGE('',*,*,#1058,.T.);
#1534=ORIENTED_EDGE('',*,*,#1033,.F.);
#1535=ORIENTED_EDGE('',*,*,#1055,.F.);
#1536=ORIENTED_EDGE('',*,*,#934,.T.);
#1537=ORIENTED_EDGE('',*,*,#873,.T.);
#1538=ORIENTED_EDGE('',*,*,#852,.T.);
#1539=PLANE('',#1720);
#1540=PLANE('',#1721);
#1541=PLANE('',#1722);
#1542=PLANE('',#1723);
#1543=PLANE('',#1724);
#1544=PLANE('',#1725);
#1545=PLANE('',#1726);
#1546=PLANE('',#1727);
#1547=PLANE('',#1728);
#1548=PLANE('',#1729);
#1549=PLANE('',#1730);
#1550=PLANE('',#1731);
#1551=PLANE('',#1732);
#1552=PLANE('',#1733);
#1553=PLANE('',#1734);
#1554=PLANE('',#1735);
#1555=PLANE('',#1736);
#1556=PLANE('',#1737);
#1557=PLANE('',#1738);
#1558=PLANE('',#1739);
#1559=PLANE('',#1740);
#1560=PLANE('',#1741);
#1561=PLANE('',#1742);
#1562=PLANE('',#1743);
#1563=PLANE('',#1744);
#1564=PLANE('',#1745);
#1565=PLANE('',#1746);
#1566=PLANE('',#1747);
#1567=PLANE('',#1748);
#1568=PLANE('',#1749);
#1569=PLANE('',#1750);
#1570=PLANE('',#1751);
#1571=PLANE('',#1752);
#1572=PLANE('',#1753);
#1573=PLANE('',#1754);
#1574=PLANE('',#1755);
#1575=PLANE('',#1756);
#1576=PLANE('',#1757);
#1577=PLANE('',#1758);
#1578=PLANE('',#1759);
#1579=PLANE('',#1760);
#1580=PLANE('',#1761);
#1581=PLANE('',#1762);
#1582=PLANE('',#1763);
#1583=PLANE('',#1764);
#1584=PLANE('',#1765);
#1585=PLANE('',#1766);
#1586=PLANE('',#1767);
#1587=PLANE('',#1768);
#1588=PLANE('',#1769);
#1589=PLANE('',#1770);
#1590=PLANE('',#1771);
#1591=PLANE('',#1772);
#1592=PLANE('',#1773);
#1593=PLANE('',#1774);
#1594=PLANE('',#1775);
#1595=PLANE('',#1776);
#1596=PLANE('',#1777);
#1597=PLANE('',#1778);
#1598=PLANE('',#1779);
#1599=PLANE('',#1780);
#1600=PLANE('',#1781);
#1601=PLANE('',#1782);
#1602=PLANE('',#1783);
#1603=PLANE('',#1784);
#1604=PLANE('',#1785);
#1605=PLANE('',#1786);
#1606=PLANE('',#1787);
#1607=PLANE('',#1788);
#1608=PLANE('',#1789);
#1609=PLANE('',#1790);
#1610=PLANE('',#1791);
#1611=PLANE('',#1792);
#1612=PLANE('',#1793);
#1613=PLANE('',#1794);
#1614=PLANE('',#1795);
#1615=PLANE('',#1796);
#1616=PLANE('',#1797);
#1617=PLANE('',#1798);
#1618=ADVANCED_FACE('',(#18),#1539,.F.);
#1619=ADVANCED_FACE('',(#19),#1540,.F.);
#1620=ADVANCED_FACE('',(#20),#1541,.F.);
#1621=ADVANCED_FACE('',(#21),#1542,.F.);
#1622=ADVANCED_FACE('',(#22),#1543,.F.);
#1623=ADVANCED_FACE('',(#23),#1544,.F.);
#1624=ADVANCED_FACE('',(#24),#1545,.F.);
#1625=ADVANCED_FACE('',(#25),#1546,.F.);
#1626=ADVANCED_FACE('',(#26),#1547,.F.);
#1627=ADVANCED_FACE('',(#27),#1548,.F.);
#1628=ADVANCED_FACE('',(#28),#1549,.F.);
#1629=ADVANCED_FACE('',(#29),#1550,.F.);
#1630=ADVANCED_FACE('',(#30),#1551,.F.);
#1631=ADVANCED_FACE('',(#31),#1552,.F.);
#1632=ADVANCED_FACE('',(#32),#1553,.F.);
#1633=ADVANCED_FACE('',(#33),#1554,.F.);
#1634=ADVANCED_FACE('',(#34),#1555,.F.);
#1635=ADVANCED_FACE('',(#35),#1556,.F.);
#1636=ADVANCED_FACE('',(#36),#1557,.F.);
#1637=ADVANCED_FACE('',(#37),#1558,.F.);
#1638=ADVANCED_FACE('',(#38),#1559,.F.);
#1639=ADVANCED_FACE('',(#39),#1560,.F.);
#1640=ADVANCED_FACE('',(#40),#1561,.F.);
#1641=ADVANCED_FACE('',(#41),#1562,.F.);
#1642=ADVANCED_FACE('',(#42),#1563,.T.);
#1643=ADVANCED_FACE('',(#43),#1564,.T.);
#1644=ADVANCED_FACE('',(#44),#1565,.T.);
#1645=ADVANCED_FACE('',(#45),#1566,.F.);
#1646=ADVANCED_FACE('',(#46),#1567,.F.);
#1647=ADVANCED_FACE('',(#47),#1568,.T.);
#1648=ADVANCED_FACE('',(#48),#1569,.F.);
#1649=ADVANCED_FACE('',(#49),#1570,.F.);
#1650=ADVANCED_FACE('',(#50),#1571,.F.);
#1651=ADVANCED_FACE('',(#51),#1572,.F.);
#1652=ADVANCED_FACE('',(#52),#1573,.F.);
#1653=ADVANCED_FACE('',(#53),#1574,.F.);
#1654=ADVANCED_FACE('',(#54),#1575,.F.);
#1655=ADVANCED_FACE('',(#55),#1576,.F.);
#1656=ADVANCED_FACE('',(#56),#1577,.F.);
#1657=ADVANCED_FACE('',(#57),#1578,.F.);
#1658=ADVANCED_FACE('',(#58),#1579,.F.);
#1659=ADVANCED_FACE('',(#59),#1580,.F.);
#1660=ADVANCED_FACE('',(#60),#1581,.F.);
#1661=ADVANCED_FACE('',(#61),#1582,.F.);
#1662=ADVANCED_FACE('',(#62),#1583,.F.);
#1663=ADVANCED_FACE('',(#63),#1584,.F.);
#1664=ADVANCED_FACE('',(#64),#1585,.F.);
#1665=ADVANCED_FACE('',(#65),#1586,.F.);
#1666=ADVANCED_FACE('',(#66),#1587,.F.);
#1667=ADVANCED_FACE('',(#67),#1588,.F.);
#1668=ADVANCED_FACE('',(#68),#1589,.F.);
#1669=ADVANCED_FACE('',(#69),#1590,.F.);
#1670=ADVANCED_FACE('',(#70),#1591,.F.);
#1671=ADVANCED_FACE('',(#71),#1592,.F.);
#1672=ADVANCED_FACE('',(#72),#1593,.T.);
#1673=ADVANCED_FACE('',(#73),#1594,.T.);
#1674=ADVANCED_FACE('',(#74,#15,#16,#17),#1595,.T.);
#1675=ADVANCED_FACE('',(#75),#1596,.F.);
#1676=ADVANCED_FACE('',(#76),#1597,.F.);
#1677=ADVANCED_FACE('',(#77),#1598,.F.);
#1678=ADVANCED_FACE('',(#78),#1599,.F.);
#1679=ADVANCED_FACE('',(#79),#1600,.F.);
#1680=ADVANCED_FACE('',(#80),#1601,.F.);
#1681=ADVANCED_FACE('',(#81),#1602,.F.);
#1682=ADVANCED_FACE('',(#82),#1603,.F.);
#1683=ADVANCED_FACE('',(#83),#1604,.F.);
#1684=ADVANCED_FACE('',(#84),#1605,.F.);
#1685=ADVANCED_FACE('',(#85),#1606,.F.);
#1686=ADVANCED_FACE('',(#86),#1607,.F.);
#1687=ADVANCED_FACE('',(#87),#1608,.T.);
#1688=ADVANCED_FACE('',(#88),#1609,.T.);
#1689=ADVANCED_FACE('',(#89),#1610,.T.);
#1690=ADVANCED_FACE('',(#90),#1611,.T.);
#1691=ADVANCED_FACE('',(#91),#1612,.T.);
#1692=ADVANCED_FACE('',(#92),#1613,.T.);
#1693=ADVANCED_FACE('',(#93),#1614,.T.);
#1694=ADVANCED_FACE('',(#94),#1615,.T.);
#1695=ADVANCED_FACE('',(#95),#1616,.T.);
#1696=ADVANCED_FACE('',(#96),#1617,.T.);
#1697=CLOSED_SHELL('',(#1618,#1619,#1620,#1621,#1622,#1623,#1624,#1625,
#1626,#1627,#1628,#1629,#1630,#1631,#1632,#1633,#1634,#1635,#1636,#1637,
#1638,#1639,#1640,#1641,#1642,#1643,#1644,#1645,#1646,#1647,#1648,#1649,
#1650,#1651,#1652,#1653,#1654,#1655,#1656,#1657,#1658,#1659,#1660,#1661,
#1662,#1663,#1664,#1665,#1666,#1667,#1668,#1669,#1670,#1671,#1672,#1673,
#1674,#1675,#1676,#1677,#1678,#1679,#1680,#1681,#1682,#1683,#1684,#1685,
#1686,#1687,#1688,#1689,#1690,#1691,#1692,#1693,#1694,#1695,#1696));
#1698=DERIVED_UNIT_ELEMENT(#1701,1.);
#1699=DERIVED_UNIT_ELEMENT(#2684,-3.);
#1700=DIMENSIONAL_EXPONENTS(0.,1.,0.,0.,0.,0.,0.);
#1701=(
CONVERSION_BASED_UNIT('gram',#1703)
MASS_UNIT()
NAMED_UNIT(#1700)
);
#1702=(
MASS_UNIT()
NAMED_UNIT(*)
SI_UNIT(.KILO.,.GRAM.)
);
#1703=MASS_MEASURE_WITH_UNIT(MASS_MEASURE(0.001),#1702);
#1704=DERIVED_UNIT((#1698,#1699));
#1705=MEASURE_REPRESENTATION_ITEM('density measure',
POSITIVE_RATIO_MEASURE(1.),#1704);
#1706=PROPERTY_DEFINITION_REPRESENTATION(#1711,#1708);
#1707=PROPERTY_DEFINITION_REPRESENTATION(#1712,#1709);
#1708=REPRESENTATION('material name',(#1710),#2681);
#1709=REPRESENTATION('density',(#1705),#2681);
#1710=DESCRIPTIVE_REPRESENTATION_ITEM('Generic','Generic');
#1711=PROPERTY_DEFINITION('material property','material name',#2691);
#1712=PROPERTY_DEFINITION('material property','density of part',#2691);
#1713=DATE_TIME_ROLE('creation_date');
#1714=APPLIED_DATE_AND_TIME_ASSIGNMENT(#1715,#1713,(#2691));
#1715=DATE_AND_TIME(#1716,#1717);
#1716=CALENDAR_DATE(2024,18,7);
#1717=LOCAL_TIME(0,0,0.,#1718);
#1718=COORDINATED_UNIVERSAL_TIME_OFFSET(0,0,.BEHIND.);
#1719=AXIS2_PLACEMENT_3D('',#2199,#1799,#1800);
#1720=AXIS2_PLACEMENT_3D('',#2200,#1801,#1802);
#1721=AXIS2_PLACEMENT_3D('',#2209,#1807,#1808);
#1722=AXIS2_PLACEMENT_3D('',#2218,#1813,#1814);
#1723=AXIS2_PLACEMENT_3D('',#2227,#1819,#1820);
#1724=AXIS2_PLACEMENT_3D('',#2233,#1824,#1825);
#1725=AXIS2_PLACEMENT_3D('',#2247,#1833,#1834);
#1726=AXIS2_PLACEMENT_3D('',#2261,#1842,#1843);
#1727=AXIS2_PLACEMENT_3D('',#2278,#1852,#1853);
#1728=AXIS2_PLACEMENT_3D('',#2284,#1857,#1858);
#1729=AXIS2_PLACEMENT_3D('',#2286,#1860,#1861);
#1730=AXIS2_PLACEMENT_3D('',#2292,#1865,#1866);
#1731=AXIS2_PLACEMENT_3D('',#2294,#1868,#1869);
#1732=AXIS2_PLACEMENT_3D('',#2300,#1873,#1874);
#1733=AXIS2_PLACEMENT_3D('',#2304,#1877,#1878);
#1734=AXIS2_PLACEMENT_3D('',#2308,#1881,#1882);
#1735=AXIS2_PLACEMENT_3D('',#2314,#1886,#1887);
#1736=AXIS2_PLACEMENT_3D('',#2318,#1890,#1891);
#1737=AXIS2_PLACEMENT_3D('',#2322,#1894,#1895);
#1738=AXIS2_PLACEMENT_3D('',#2328,#1899,#1900);
#1739=AXIS2_PLACEMENT_3D('',#2332,#1903,#1904);
#1740=AXIS2_PLACEMENT_3D('',#2336,#1907,#1908);
#1741=AXIS2_PLACEMENT_3D('',#2342,#1912,#1913);
#1742=AXIS2_PLACEMENT_3D('',#2346,#1916,#1917);
#1743=AXIS2_PLACEMENT_3D('',#2350,#1920,#1921);
#1744=AXIS2_PLACEMENT_3D('',#2356,#1925,#1926);
#1745=AXIS2_PLACEMENT_3D('',#2382,#1940,#1941);
#1746=AXIS2_PLACEMENT_3D('',#2408,#1955,#1956);
#1747=AXIS2_PLACEMENT_3D('',#2434,#1970,#1971);
#1748=AXIS2_PLACEMENT_3D('',#2449,#1981,#1982);
#1749=AXIS2_PLACEMENT_3D('',#2464,#1992,#1993);
#1750=AXIS2_PLACEMENT_3D('',#2486,#2005,#2006);
#1751=AXIS2_PLACEMENT_3D('',#2495,#2011,#2012);
#1752=AXIS2_PLACEMENT_3D('',#2501,#2016,#2017);
#1753=AXIS2_PLACEMENT_3D('',#2507,#2021,#2022);
#1754=AXIS2_PLACEMENT_3D('',#2513,#2026,#2027);
#1755=AXIS2_PLACEMENT_3D('',#2515,#2029,#2030);
#1756=AXIS2_PLACEMENT_3D('',#2521,#2034,#2035);
#1757=AXIS2_PLACEMENT_3D('',#2524,#2038,#2039);
#1758=AXIS2_PLACEMENT_3D('',#2525,#2040,#2041);
#1759=AXIS2_PLACEMENT_3D('',#2534,#2046,#2047);
#1760=AXIS2_PLACEMENT_3D('',#2540,#2051,#2052);
#1761=AXIS2_PLACEMENT_3D('',#2546,#2056,#2057);
#1762=AXIS2_PLACEMENT_3D('',#2552,#2061,#2062);
#1763=AXIS2_PLACEMENT_3D('',#2554,#2064,#2065);
#1764=AXIS2_PLACEMENT_3D('',#2560,#2069,#2070);
#1765=AXIS2_PLACEMENT_3D('',#2563,#2073,#2074);
#1766=AXIS2_PLACEMENT_3D('',#2564,#2075,#2076);
#1767=AXIS2_PLACEMENT_3D('',#2570,#2080,#2081);
#1768=AXIS2_PLACEMENT_3D('',#2574,#2084,#2085);
#1769=AXIS2_PLACEMENT_3D('',#2578,#2088,#2089);
#1770=AXIS2_PLACEMENT_3D('',#2584,#2093,#2094);
#1771=AXIS2_PLACEMENT_3D('',#2586,#2096,#2097);
#1772=AXIS2_PLACEMENT_3D('',#2592,#2101,#2102);
#1773=AXIS2_PLACEMENT_3D('',#2595,#2105,#2106);
#1774=AXIS2_PLACEMENT_3D('',#2596,#2107,#2108);
#1775=AXIS2_PLACEMENT_3D('',#2611,#2117,#2118);
#1776=AXIS2_PLACEMENT_3D('',#2626,#2127,#2128);
#1777=AXIS2_PLACEMENT_3D('',#2641,#2139,#2140);
#1778=AXIS2_PLACEMENT_3D('',#2644,#2143,#2144);
#1779=AXIS2_PLACEMENT_3D('',#2647,#2147,#2148);
#1780=AXIS2_PLACEMENT_3D('',#2648,#2149,#2150);
#1781=AXIS2_PLACEMENT_3D('',#2649,#2151,#2152);
#1782=AXIS2_PLACEMENT_3D('',#2652,#2155,#2156);
#1783=AXIS2_PLACEMENT_3D('',#2655,#2159,#2160);
#1784=AXIS2_PLACEMENT_3D('',#2656,#2161,#2162);
#1785=AXIS2_PLACEMENT_3D('',#2657,#2163,#2164);
#1786=AXIS2_PLACEMENT_3D('',#2660,#2167,#2168);
#1787=AXIS2_PLACEMENT_3D('',#2663,#2171,#2172);
#1788=AXIS2_PLACEMENT_3D('',#2664,#2173,#2174);
#1789=AXIS2_PLACEMENT_3D('',#2665,#2175,#2176);
#1790=AXIS2_PLACEMENT_3D('',#2666,#2177,#2178);
#1791=AXIS2_PLACEMENT_3D('',#2667,#2179,#2180);
#1792=AXIS2_PLACEMENT_3D('',#2668,#2181,#2182);
#1793=AXIS2_PLACEMENT_3D('',#2669,#2183,#2184);
#1794=AXIS2_PLACEMENT_3D('',#2670,#2185,#2186);
#1795=AXIS2_PLACEMENT_3D('',#2671,#2187,#2188);
#1796=AXIS2_PLACEMENT_3D('',#2674,#2191,#2192);
#1797=AXIS2_PLACEMENT_3D('',#2676,#2194,#2195);
#1798=AXIS2_PLACEMENT_3D('',#2678,#2197,#2198);
#1799=DIRECTION('axis',(0.,0.,1.));
#1800=DIRECTION('refdir',(1.,0.,0.));
#1801=DIRECTION('center_axis',(1.,-7.105427357601E-16,0.));
#1802=DIRECTION('ref_axis',(7.105427357601E-16,1.,0.));
#1803=DIRECTION('',(0.,0.,-1.));
#1804=DIRECTION('',(7.105427357601E-16,1.,0.));
#1805=DIRECTION('',(0.,0.,1.));
#1806=DIRECTION('',(7.105427357601E-16,1.,0.));
#1807=DIRECTION('center_axis',(1.,-7.105427357601E-16,0.));
#1808=DIRECTION('ref_axis',(7.105427357601E-16,1.,0.));
#1809=DIRECTION('',(0.,0.,-1.));
#1810=DIRECTION('',(7.105427357601E-16,1.,0.));
#1811=DIRECTION('',(0.,0.,1.));
#1812=DIRECTION('',(7.105427357601E-16,1.,0.));
#1813=DIRECTION('center_axis',(-1.,-2.32203508418333E-15,0.));
#1814=DIRECTION('ref_axis',(2.32203508418333E-15,-1.,0.));
#1815=DIRECTION('',(0.,0.,1.));
#1816=DIRECTION('',(2.32203508418333E-15,-1.,0.));
#1817=DIRECTION('',(0.,0.,-1.));
#1818=DIRECTION('',(2.32203508418333E-15,-1.,0.));
#1819=DIRECTION('center_axis',(0.,0.,1.));
#1820=DIRECTION('ref_axis',(1.,0.,0.));
#1821=DIRECTION('',(1.,-2.08166817117217E-16,0.));
#1822=DIRECTION('',(-1.,0.,0.));
#1823=DIRECTION('',(-2.32203508418333E-15,1.,0.));
#1824=DIRECTION('center_axis',(0.,0.,1.));
#1825=DIRECTION('ref_axis',(1.,0.,0.));
#1826=DIRECTION('',(1.,0.,0.));
#1827=DIRECTION('',(-1.06581410364015E-15,-1.,0.));
#1828=DIRECTION('',(1.,0.,0.));
#1829=DIRECTION('',(3.80647894157197E-15,-1.,0.));
#1830=DIRECTION('',(-1.,0.,0.));
#1831=DIRECTION('',(-6.34413156928661E-15,1.,0.));
#1832=DIRECTION('',(1.,-6.57909940518611E-16,0.));
#1833=DIRECTION('center_axis',(0.,0.,1.));
#1834=DIRECTION('ref_axis',(1.,0.,0.));
#1835=DIRECTION('',(1.,0.,0.));
#1836=DIRECTION('',(0.,-1.,0.));
#1837=DIRECTION('',(1.,-6.5790994051861E-16,0.));
#1838=DIRECTION('',(2.53765262771465E-15,-1.,0.));
#1839=DIRECTION('',(-1.,0.,0.));
#1840=DIRECTION('',(-2.53765262771464E-15,1.,0.));
#1841=DIRECTION('',(1.,0.,0.));
#1842=DIRECTION('center_axis',(0.,0.,1.));
#1843=DIRECTION('ref_axis',(1.,0.,0.));
#1844=DIRECTION('',(-1.,0.,0.));
#1845=DIRECTION('',(-3.80647894157196E-15,1.,0.));
#1846=DIRECTION('',(1.,0.,0.));
#1847=DIRECTION('',(6.78469626159819E-15,1.,0.));
#1848=DIRECTION('',(1.,0.,0.));
#1849=DIRECTION('',(-6.16790569236199E-16,-1.,0.));
#1850=DIRECTION('',(1.,0.,0.));
#1851=DIRECTION('',(6.3441315692866E-16,-1.,0.));
#1852=DIRECTION('center_axis',(1.,6.34413156928661E-15,0.));
#1853=DIRECTION('ref_axis',(-6.34413156928661E-15,1.,0.));
#1854=DIRECTION('',(-6.34413156928661E-15,1.,0.));
#1855=DIRECTION('',(0.,0.,1.));
#1856=DIRECTION('',(0.,0.,1.));
#1857=DIRECTION('center_axis',(-6.57909940518611E-16,-1.,0.));
#1858=DIRECTION('ref_axis',(1.,-6.57909940518611E-16,0.));
#1859=DIRECTION('',(1.,-6.57909940518611E-16,0.));
#1860=DIRECTION('center_axis',(1.,2.53765262771464E-15,0.));
#1861=DIRECTION('ref_axis',(-2.53765262771464E-15,1.,0.));
#1862=DIRECTION('',(-2.53765262771464E-15,1.,0.));
#1863=DIRECTION('',(0.,0.,1.));
#1864=DIRECTION('',(0.,0.,1.));
#1865=DIRECTION('center_axis',(0.,-1.,0.));
#1866=DIRECTION('ref_axis',(1.,0.,0.));
#1867=DIRECTION('',(1.,0.,0.));
#1868=DIRECTION('center_axis',(1.,3.80647894157196E-15,0.));
#1869=DIRECTION('ref_axis',(-3.80647894157196E-15,1.,0.));
#1870=DIRECTION('',(-3.80647894157196E-15,1.,0.));
#1871=DIRECTION('',(0.,0.,1.));
#1872=DIRECTION('',(0.,0.,1.));
#1873=DIRECTION('center_axis',(0.,-1.,0.));
#1874=DIRECTION('ref_axis',(1.,0.,0.));
#1875=DIRECTION('',(1.,0.,0.));
#1876=DIRECTION('',(0.,0.,1.));
#1877=DIRECTION('center_axis',(1.,-6.78469626159819E-15,0.));
#1878=DIRECTION('ref_axis',(6.78469626159819E-15,1.,0.));
#1879=DIRECTION('',(6.78469626159819E-15,1.,0.));
#1880=DIRECTION('',(0.,0.,-1.));
#1881=DIRECTION('center_axis',(-1.,6.16790569236199E-16,0.));
#1882=DIRECTION('ref_axis',(-6.16790569236199E-16,-1.,0.));
#1883=DIRECTION('',(-6.16790569236199E-16,-1.,0.));
#1884=DIRECTION('',(0.,0.,1.));
#1885=DIRECTION('',(0.,0.,1.));
#1886=DIRECTION('center_axis',(0.,-1.,0.));
#1887=DIRECTION('ref_axis',(1.,0.,0.));
#1888=DIRECTION('',(1.,0.,0.));
#1889=DIRECTION('',(0.,0.,1.));
#1890=DIRECTION('center_axis',(-1.,-6.3441315692866E-16,0.));
#1891=DIRECTION('ref_axis',(6.3441315692866E-16,-1.,0.));
#1892=DIRECTION('',(6.3441315692866E-16,-1.,0.));
#1893=DIRECTION('',(0.,0.,-1.));
#1894=DIRECTION('center_axis',(-1.,0.,0.));
#1895=DIRECTION('ref_axis',(0.,-1.,0.));
#1896=DIRECTION('',(0.,0.,1.));
#1897=DIRECTION('',(0.,-1.,0.));
#1898=DIRECTION('',(0.,0.,1.));
#1899=DIRECTION('center_axis',(-6.5790994051861E-16,-1.,0.));
#1900=DIRECTION('ref_axis',(1.,-6.5790994051861E-16,0.));
#1901=DIRECTION('',(1.,-6.5790994051861E-16,0.));
#1902=DIRECTION('',(0.,0.,1.));
#1903=DIRECTION('center_axis',(-1.,-2.53765262771465E-15,0.));
#1904=DIRECTION('ref_axis',(2.53765262771465E-15,-1.,0.));
#1905=DIRECTION('',(2.53765262771465E-15,-1.,0.));
#1906=DIRECTION('',(0.,0.,-1.));
#1907=DIRECTION('center_axis',(-1.,1.06581410364015E-15,0.));
#1908=DIRECTION('ref_axis',(-1.06581410364015E-15,-1.,0.));
#1909=DIRECTION('',(0.,0.,1.));
#1910=DIRECTION('',(-1.06581410364015E-15,-1.,0.));
#1911=DIRECTION('',(0.,0.,1.));
#1912=DIRECTION('center_axis',(0.,-1.,0.));
#1913=DIRECTION('ref_axis',(1.,0.,0.));
#1914=DIRECTION('',(1.,0.,0.));
#1915=DIRECTION('',(0.,0.,1.));
#1916=DIRECTION('center_axis',(-1.,-3.80647894157197E-15,0.));
#1917=DIRECTION('ref_axis',(3.80647894157197E-15,-1.,0.));
#1918=DIRECTION('',(3.80647894157197E-15,-1.,0.));
#1919=DIRECTION('',(0.,0.,-1.));
#1920=DIRECTION('center_axis',(1.,2.32203508418333E-15,0.));
#1921=DIRECTION('ref_axis',(-2.32203508418333E-15,1.,0.));
#1922=DIRECTION('',(0.,0.,-1.));
#1923=DIRECTION('',(0.,0.,1.));
#1924=DIRECTION('',(-2.32203508418333E-15,1.,0.));
#1925=DIRECTION('center_axis',(0.,1.,0.));
#1926=DIRECTION('ref_axis',(-1.,0.,0.));
#1927=DIRECTION('',(-1.,0.,0.));
#1928=DIRECTION('',(0.,0.,1.));
#1929=DIRECTION('',(-1.,0.,0.));
#1930=DIRECTION('',(0.,0.,-1.));
#1931=DIRECTION('',(-1.,0.,0.));
#1932=DIRECTION('',(0.,0.,-1.));
#1933=DIRECTION('',(1.,0.,0.));
#1934=DIRECTION('',(0.,0.,1.));
#1935=DIRECTION('',(-1.,0.,0.));
#1936=DIRECTION('',(0.,0.,-1.));
#1937=DIRECTION('',(-1.,0.,0.));
#1938=DIRECTION('',(0.,0.,1.));
#1939=DIRECTION('',(-1.,0.,0.));
#1940=DIRECTION('center_axis',(0.,1.,0.));
#1941=DIRECTION('ref_axis',(-1.,0.,0.));
#1942=DIRECTION('',(-1.,0.,0.));
#1943=DIRECTION('',(0.,0.,1.));
#1944=DIRECTION('',(-1.,-1.11022302462516E-16,0.));
#1945=DIRECTION('',(0.,0.,-1.));
#1946=DIRECTION('',(-1.,-1.11022302462516E-16,0.));
#1947=DIRECTION('',(0.,0.,-1.));
#1948=DIRECTION('',(1.,0.,0.));
#1949=DIRECTION('',(0.,0.,1.));
#1950=DIRECTION('',(-1.,-1.11022302462516E-16,0.));
#1951=DIRECTION('',(0.,0.,-1.));
#1952=DIRECTION('',(-1.,-1.11022302462516E-16,0.));
#1953=DIRECTION('',(0.,0.,1.));
#1954=DIRECTION('',(-1.,0.,0.));
#1955=DIRECTION('center_axis',(0.,1.,0.));
#1956=DIRECTION('ref_axis',(-1.,0.,0.));
#1957=DIRECTION('',(-1.,0.,0.));
#1958=DIRECTION('',(0.,0.,1.));
#1959=DIRECTION('',(-1.,-1.11022302462516E-16,0.));
#1960=DIRECTION('',(0.,0.,-1.));
#1961=DIRECTION('',(-1.,-1.11022302462516E-16,0.));
#1962=DIRECTION('',(0.,0.,-1.));
#1963=DIRECTION('',(1.,0.,0.));
#1964=DIRECTION('',(0.,0.,1.));
#1965=DIRECTION('',(-1.,-1.11022302462516E-16,0.));
#1966=DIRECTION('',(0.,0.,-1.));
#1967=DIRECTION('',(-1.,-1.11022302462516E-16,0.));
#1968=DIRECTION('',(0.,0.,1.));
#1969=DIRECTION('',(-1.,0.,0.));
#1970=DIRECTION('center_axis',(0.,0.,1.));
#1971=DIRECTION('ref_axis',(1.,0.,0.));
#1972=DIRECTION('',(1.,0.,0.));
#1973=DIRECTION('',(2.29701315439688E-16,-1.,0.));
#1974=DIRECTION('',(-1.,0.,0.));
#1975=DIRECTION('',(1.,-2.08166817117217E-16,0.));
#1976=DIRECTION('',(2.41352831440251E-16,1.,0.));
#1977=DIRECTION('',(1.,0.,0.));
#1978=DIRECTION('',(0.,1.,0.));
#1979=DIRECTION('',(1.,0.,0.));
#1980=DIRECTION('',(-2.41352831440251E-16,1.,0.));
#1981=DIRECTION('center_axis',(0.,0.,1.));
#1982=DIRECTION('ref_axis',(1.,0.,0.));
#1983=DIRECTION('',(0.,-1.,0.));
#1984=DIRECTION('',(1.,0.,0.));
#1985=DIRECTION('',(0.,-1.,0.));
#1986=DIRECTION('',(1.,0.,0.));
#1987=DIRECTION('',(9.65411325761007E-16,-1.,0.));
#1988=DIRECTION('',(1.,-2.08166817117217E-16,0.));
#1989=DIRECTION('',(-1.,0.,0.));
#1990=DIRECTION('',(0.,1.,0.));
#1991=DIRECTION('',(1.,0.,0.));
#1992=DIRECTION('center_axis',(-2.08166817117217E-16,-1.,0.));
#1993=DIRECTION('ref_axis',(1.,-2.08166817117217E-16,0.));
#1994=DIRECTION('',(0.,0.,1.));
#1995=DIRECTION('',(1.,0.,0.));
#1996=DIRECTION('',(0.,0.,-1.));
#1997=DIRECTION('',(1.,0.,0.));
#1998=DIRECTION('',(0.,0.,-1.));
#1999=DIRECTION('',(-1.,2.08166817117217E-16,0.));
#2000=DIRECTION('',(0.,0.,1.));
#2001=DIRECTION('',(1.,0.,0.));
#2002=DIRECTION('',(0.,0.,-1.));
#2003=DIRECTION('',(1.,0.,0.));
#2004=DIRECTION('',(0.,0.,1.));
#2005=DIRECTION('center_axis',(1.,0.,0.));
#2006=DIRECTION('ref_axis',(0.,-1.,0.));
#2007=DIRECTION('',(0.,0.,-1.));
#2008=DIRECTION('',(0.,-1.,0.));
#2009=DIRECTION('',(0.,0.,-1.));
#2010=DIRECTION('',(0.,-1.,0.));
#2011=DIRECTION('center_axis',(0.,0.,-1.));
#2012=DIRECTION('ref_axis',(-1.,0.,0.));
#2013=DIRECTION('',(-1.,0.,0.));
#2014=DIRECTION('',(1.,0.,0.));
#2015=DIRECTION('',(-5.16382802151236E-16,1.,0.));
#2016=DIRECTION('center_axis',(-1.,-5.16382802151236E-16,0.));
#2017=DIRECTION('ref_axis',(-5.16382802151236E-16,1.,0.));
#2018=DIRECTION('',(0.,0.,1.));
#2019=DIRECTION('',(0.,0.,-1.));
#2020=DIRECTION('',(-5.16382802151236E-16,1.,0.));
#2021=DIRECTION('center_axis',(1.,0.,0.));
#2022=DIRECTION('ref_axis',(0.,-1.,0.));
#2023=DIRECTION('',(0.,-1.,0.));
#2024=DIRECTION('',(0.,0.,-1.));
#2025=DIRECTION('',(0.,-1.,0.));
#2026=DIRECTION('center_axis',(0.,1.,0.));
#2027=DIRECTION('ref_axis',(1.,0.,0.));
#2028=DIRECTION('',(1.,0.,0.));
#2029=DIRECTION('center_axis',(-1.,-5.16382802151236E-16,0.));
#2030=DIRECTION('ref_axis',(-5.16382802151236E-16,1.,0.));
#2031=DIRECTION('',(-5.16382802151236E-16,1.,0.));
#2032=DIRECTION('',(0.,0.,-1.));
#2033=DIRECTION('',(-5.16382802151236E-16,1.,0.));
#2034=DIRECTION('center_axis',(0.,-1.,0.));
#2035=DIRECTION('ref_axis',(-1.,0.,0.));
#2036=DIRECTION('',(-1.,0.,0.));
#2037=DIRECTION('',(-1.,0.,0.));
#2038=DIRECTION('center_axis',(0.,0.,-1.));
#2039=DIRECTION('ref_axis',(-1.,0.,0.));
#2040=DIRECTION('center_axis',(1.,0.,0.));
#2041=DIRECTION('ref_axis',(0.,-1.,0.));
#2042=DIRECTION('',(0.,0.,-1.));
#2043=DIRECTION('',(0.,-1.,0.));
#2044=DIRECTION('',(0.,0.,-1.));
#2045=DIRECTION('',(0.,-1.,0.));
#2046=DIRECTION('center_axis',(0.,0.,-1.));
#2047=DIRECTION('ref_axis',(-1.,0.,0.));
#2048=DIRECTION('',(-1.,0.,0.));
#2049=DIRECTION('',(1.,0.,0.));
#2050=DIRECTION('',(-1.29095700537809E-16,1.,0.));
#2051=DIRECTION('center_axis',(-1.,-1.29095700537809E-16,0.));
#2052=DIRECTION('ref_axis',(-1.29095700537809E-16,1.,0.));
#2053=DIRECTION('',(0.,0.,1.));
#2054=DIRECTION('',(0.,0.,-1.));
#2055=DIRECTION('',(-1.29095700537809E-16,1.,0.));
#2056=DIRECTION('center_axis',(1.,0.,0.));
#2057=DIRECTION('ref_axis',(0.,-1.,0.));
#2058=DIRECTION('',(0.,-1.,0.));
#2059=DIRECTION('',(0.,0.,-1.));
#2060=DIRECTION('',(0.,-1.,0.));
#2061=DIRECTION('center_axis',(0.,1.,0.));
#2062=DIRECTION('ref_axis',(1.,0.,0.));
#2063=DIRECTION('',(1.,0.,0.));
#2064=DIRECTION('center_axis',(-1.,-1.29095700537809E-16,0.));
#2065=DIRECTION('ref_axis',(-1.29095700537809E-16,1.,0.));
#2066=DIRECTION('',(-1.29095700537809E-16,1.,0.));
#2067=DIRECTION('',(0.,0.,-1.));
#2068=DIRECTION('',(-1.29095700537809E-16,1.,0.));
#2069=DIRECTION('center_axis',(0.,-1.,0.));
#2070=DIRECTION('ref_axis',(-1.,0.,0.));
#2071=DIRECTION('',(-1.,0.,0.));
#2072=DIRECTION('',(-1.,0.,0.));
#2073=DIRECTION('center_axis',(0.,0.,-1.));
#2074=DIRECTION('ref_axis',(-1.,0.,0.));
#2075=DIRECTION('center_axis',(1.,0.,0.));
#2076=DIRECTION('ref_axis',(0.,-1.,0.));
#2077=DIRECTION('',(0.,-1.,0.));
#2078=DIRECTION('',(0.,0.,-1.));
#2079=DIRECTION('',(0.,-1.,0.));
#2080=DIRECTION('center_axis',(0.,0.,-1.));
#2081=DIRECTION('ref_axis',(-1.,0.,0.));
#2082=DIRECTION('',(1.,0.,0.));
#2083=DIRECTION('',(0.,1.,0.));
#2084=DIRECTION('center_axis',(-1.,0.,0.));
#2085=DIRECTION('ref_axis',(0.,1.,0.));
#2086=DIRECTION('',(0.,0.,-1.));
#2087=DIRECTION('',(0.,1.,0.));
#2088=DIRECTION('center_axis',(1.,0.,0.));
#2089=DIRECTION('ref_axis',(0.,-1.,0.));
#2090=DIRECTION('',(0.,-1.,0.));
#2091=DIRECTION('',(0.,0.,-1.));
#2092=DIRECTION('',(0.,-1.,0.));
#2093=DIRECTION('center_axis',(0.,1.,0.));
#2094=DIRECTION('ref_axis',(1.,0.,0.));
#2095=DIRECTION('',(1.,0.,0.));
#2096=DIRECTION('center_axis',(-1.,0.,0.));
#2097=DIRECTION('ref_axis',(0.,1.,0.));
#2098=DIRECTION('',(0.,1.,0.));
#2099=DIRECTION('',(0.,0.,-1.));
#2100=DIRECTION('',(0.,1.,0.));
#2101=DIRECTION('center_axis',(1.38777878078145E-16,-1.,0.));
#2102=DIRECTION('ref_axis',(-1.,-1.38777878078145E-16,0.));
#2103=DIRECTION('',(-1.,-1.38777878078145E-16,0.));
#2104=DIRECTION('',(-1.,-1.38777878078145E-16,0.));
#2105=DIRECTION('center_axis',(0.,0.,-1.));
#2106=DIRECTION('ref_axis',(-1.,0.,0.));
#2107=DIRECTION('center_axis',(0.,-1.,0.));
#2108=DIRECTION('ref_axis',(1.,0.,0.));
#2109=DIRECTION('',(0.,0.,1.));
#2110=DIRECTION('',(1.,0.,0.));
#2111=DIRECTION('',(0.,0.,-1.));
#2112=DIRECTION('',(1.,0.,0.));
#2113=DIRECTION('',(1.,0.,0.));
#2114=DIRECTION('',(0.,0.,-1.));
#2115=DIRECTION('',(1.,0.,0.));
#2116=DIRECTION('',(0.,0.,1.));
#2117=DIRECTION('center_axis',(0.,-1.,0.));
#2118=DIRECTION('ref_axis',(1.,0.,0.));
#2119=DIRECTION('',(0.,0.,1.));
#2120=DIRECTION('',(1.,0.,0.));
#2121=DIRECTION('',(0.,0.,-1.));
#2122=DIRECTION('',(1.,0.,0.));
#2123=DIRECTION('',(1.,0.,0.));
#2124=DIRECTION('',(0.,0.,-1.));
#2125=DIRECTION('',(1.,0.,0.));
#2126=DIRECTION('',(0.,0.,1.));
#2127=DIRECTION('center_axis',(0.,0.,1.));
#2128=DIRECTION('ref_axis',(1.,0.,0.));
#2129=DIRECTION('',(1.,0.,0.));
#2130=DIRECTION('',(0.,1.,0.));
#2131=DIRECTION('',(-1.,0.,0.));
#2132=DIRECTION('',(2.29701315439688E-16,-1.,0.));
#2133=DIRECTION('',(-4.82705662880503E-16,1.,0.));
#2134=DIRECTION('',(0.,-1.,0.));
#2135=DIRECTION('',(1.20676415720126E-16,1.,0.));
#2136=DIRECTION('',(0.,-1.,0.));
#2137=DIRECTION('',(-2.41352831440251E-16,1.,0.));
#2138=DIRECTION('',(0.,-1.,0.));
#2139=DIRECTION('center_axis',(0.,0.,-1.));
#2140=DIRECTION('ref_axis',(-1.,0.,0.));
#2141=DIRECTION('',(0.,1.,0.));
#2142=DIRECTION('',(0.,-1.,0.));
#2143=DIRECTION('center_axis',(0.,0.,-1.));
#2144=DIRECTION('ref_axis',(-1.,0.,0.));
#2145=DIRECTION('',(2.41352831440251E-16,-1.,0.));
#2146=DIRECTION('',(-2.41352831440251E-16,1.,0.));
#2147=DIRECTION('center_axis',(1.,0.,0.));
#2148=DIRECTION('ref_axis',(0.,-1.,0.));
#2149=DIRECTION('center_axis',(-1.,-2.41352831440251E-16,0.));
#2150=DIRECTION('ref_axis',(-2.41352831440251E-16,1.,0.));
#2151=DIRECTION('center_axis',(0.,0.,-1.));
#2152=DIRECTION('ref_axis',(-1.,0.,0.));
#2153=DIRECTION('',(0.,1.,0.));
#2154=DIRECTION('',(0.,-1.,0.));
#2155=DIRECTION('center_axis',(0.,0.,-1.));
#2156=DIRECTION('ref_axis',(-1.,0.,0.));
#2157=DIRECTION('',(0.,-1.,0.));
#2158=DIRECTION('',(1.20676415720126E-16,1.,0.));
#2159=DIRECTION('center_axis',(1.,0.,0.));
#2160=DIRECTION('ref_axis',(0.,-1.,0.));
#2161=DIRECTION('center_axis',(-1.,1.20676415720126E-16,0.));
#2162=DIRECTION('ref_axis',(1.20676415720126E-16,1.,0.));
#2163=DIRECTION('center_axis',(0.,0.,-1.));
#2164=DIRECTION('ref_axis',(-1.,0.,0.));
#2165=DIRECTION('',(-9.65411325761007E-16,1.,0.));
#2166=DIRECTION('',(0.,-1.,0.));
#2167=DIRECTION('center_axis',(0.,0.,-1.));
#2168=DIRECTION('ref_axis',(-1.,0.,0.));
#2169=DIRECTION('',(-2.41352831440251E-16,-1.,0.));
#2170=DIRECTION('',(-4.82705662880503E-16,1.,0.));
#2171=DIRECTION('center_axis',(1.,0.,0.));
#2172=DIRECTION('ref_axis',(0.,-1.,0.));
#2173=DIRECTION('center_axis',(-1.,-4.82705662880503E-16,0.));
#2174=DIRECTION('ref_axis',(-4.82705662880503E-16,1.,0.));
#2175=DIRECTION('center_axis',(1.,2.41352831440251E-16,0.));
#2176=DIRECTION('ref_axis',(-2.41352831440251E-16,1.,0.));
#2177=DIRECTION('center_axis',(1.,0.,0.));
#2178=DIRECTION('ref_axis',(0.,1.,0.));
#2179=DIRECTION('center_axis',(1.,-2.41352831440251E-16,0.));
#2180=DIRECTION('ref_axis',(2.41352831440251E-16,1.,0.));
#2181=DIRECTION('center_axis',(-1.,-9.65411325761007E-16,0.));
#2182=DIRECTION('ref_axis',(9.65411325761007E-16,-1.,0.));
#2183=DIRECTION('center_axis',(-1.,0.,0.));
#2184=DIRECTION('ref_axis',(0.,-1.,0.));
#2185=DIRECTION('center_axis',(-1.,0.,0.));
#2186=DIRECTION('ref_axis',(0.,-1.,0.));
#2187=DIRECTION('center_axis',(-1.,-2.29701315439688E-16,0.));
#2188=DIRECTION('ref_axis',(2.29701315439688E-16,-1.,0.));
#2189=DIRECTION('',(0.,0.,1.));
#2190=DIRECTION('',(0.,0.,1.));
#2191=DIRECTION('center_axis',(0.,1.,0.));
#2192=DIRECTION('ref_axis',(-1.,0.,0.));
#2193=DIRECTION('',(0.,0.,1.));
#2194=DIRECTION('center_axis',(1.,0.,0.));
#2195=DIRECTION('ref_axis',(0.,1.,0.));
#2196=DIRECTION('',(0.,0.,1.));
#2197=DIRECTION('center_axis',(0.,-1.,0.));
#2198=DIRECTION('ref_axis',(1.,0.,0.));
#2199=CARTESIAN_POINT('',(0.,0.,0.));
#2200=CARTESIAN_POINT('Origin',(11.875,-23.65,0.));
#2201=CARTESIAN_POINT('',(11.875,-21.35,3.));
#2202=CARTESIAN_POINT('',(11.875,-21.35,0.));
#2203=CARTESIAN_POINT('',(11.875,-21.35,0.));
#2204=CARTESIAN_POINT('',(11.875,-17.4,3.));
#2205=CARTESIAN_POINT('',(11.875,-17.4,3.));
#2206=CARTESIAN_POINT('',(11.875,-17.4,0.));
#2207=CARTESIAN_POINT('',(11.875,-17.4,0.));
#2208=CARTESIAN_POINT('',(11.875,-19.075,0.));
#2209=CARTESIAN_POINT('Origin',(11.875,-15.65,0.));
#2210=CARTESIAN_POINT('',(11.875,-13.35,3.));
#2211=CARTESIAN_POINT('',(11.875,-13.35,0.));
#2212=CARTESIAN_POINT('',(11.875,-13.35,0.));
#2213=CARTESIAN_POINT('',(11.875,-9.4,3.));
#2214=CARTESIAN_POINT('',(11.875,-9.4,3.));
#2215=CARTESIAN_POINT('',(11.875,-9.4,0.));
#2216=CARTESIAN_POINT('',(11.875,-9.4,0.));
#2217=CARTESIAN_POINT('',(11.875,-15.075,0.));
#2218=CARTESIAN_POINT('Origin',(10.125,1.11022302462516E-15,0.));
#2219=CARTESIAN_POINT('',(10.125,-5.35,0.));
#2220=CARTESIAN_POINT('',(10.125,-5.35,3.));
#2221=CARTESIAN_POINT('',(10.125,-5.35,0.));
#2222=CARTESIAN_POINT('',(10.125,8.32667268468867E-16,0.));
#2223=CARTESIAN_POINT('',(10.125,-7.25,0.));
#2224=CARTESIAN_POINT('',(10.125,8.32667268468867E-16,3.));
#2225=CARTESIAN_POINT('',(10.125,0.,0.));
#2226=CARTESIAN_POINT('',(10.125,-7.65,3.));
#2227=CARTESIAN_POINT('Origin',(11.,-14.5,3.));
#2228=CARTESIAN_POINT('',(11.875,-5.35,3.));
#2229=CARTESIAN_POINT('',(7.00000000000001,-5.35,3.));
#2230=CARTESIAN_POINT('',(11.875,0.,3.));
#2231=CARTESIAN_POINT('',(16.5,0.,3.));
#2232=CARTESIAN_POINT('',(11.875,0.,3.));
#2233=CARTESIAN_POINT('Origin',(11.,-14.5,3.));
#2234=CARTESIAN_POINT('',(10.125,-13.35,3.));
#2235=CARTESIAN_POINT('',(7.00000000000001,-13.35,3.));
#2236=CARTESIAN_POINT('',(10.125,-9.4,3.));
#2237=CARTESIAN_POINT('',(10.125,-15.65,3.));
#2238=CARTESIAN_POINT('',(6.75000000000002,-9.4,3.));
#2239=CARTESIAN_POINT('',(10.125,-9.4,3.));
#2240=CARTESIAN_POINT('',(6.75000000000001,-7.65,3.));
#2241=CARTESIAN_POINT('',(6.75000000000002,-9.4,3.));
#2242=CARTESIAN_POINT('',(15.25,-7.65,3.));
#2243=CARTESIAN_POINT('',(15.,-7.65,3.));
#2244=CARTESIAN_POINT('',(15.25,-9.4,3.));
#2245=CARTESIAN_POINT('',(15.25,-7.65,3.));
#2246=CARTESIAN_POINT('',(15.25,-9.4,3.));
#2247=CARTESIAN_POINT('Origin',(11.,-14.5,3.));
#2248=CARTESIAN_POINT('',(10.125,-21.35,3.));
#2249=CARTESIAN_POINT('',(7.00000000000001,-21.35,3.));
#2250=CARTESIAN_POINT('',(10.125,-17.4,3.));
#2251=CARTESIAN_POINT('',(10.125,-23.65,3.));
#2252=CARTESIAN_POINT('',(6.75000000000001,-17.4,3.));
#2253=CARTESIAN_POINT('',(10.125,-17.4,3.));
#2254=CARTESIAN_POINT('',(6.75000000000001,-15.65,3.));
#2255=CARTESIAN_POINT('',(6.75000000000001,-17.4,3.));
#2256=CARTESIAN_POINT('',(15.25,-15.65,3.));
#2257=CARTESIAN_POINT('',(15.,-15.65,3.));
#2258=CARTESIAN_POINT('',(15.25,-17.4,3.));
#2259=CARTESIAN_POINT('',(15.25,-15.65,3.));
#2260=CARTESIAN_POINT('',(15.25,-17.4,3.));
#2261=CARTESIAN_POINT('Origin',(11.,-14.5,3.));
#2262=CARTESIAN_POINT('',(15.25,-23.65,3.));
#2263=CARTESIAN_POINT('',(6.75000000000001,-23.65,3.));
#2264=CARTESIAN_POINT('',(15.,-23.65,3.));
#2265=CARTESIAN_POINT('',(15.25,-25.4,3.));
#2266=CARTESIAN_POINT('',(15.25,-23.65,3.));
#2267=CARTESIAN_POINT('',(11.875,-25.4,3.));
#2268=CARTESIAN_POINT('',(15.25,-25.4,3.));
#2269=CARTESIAN_POINT('',(11.875,-29.,3.));
#2270=CARTESIAN_POINT('',(11.875,-25.4,3.));
#2271=CARTESIAN_POINT('',(10.125,-29.,3.));
#2272=CARTESIAN_POINT('',(5.50000000000001,-29.,3.));
#2273=CARTESIAN_POINT('',(10.125,-25.4,3.));
#2274=CARTESIAN_POINT('',(10.125,-29.,3.));
#2275=CARTESIAN_POINT('',(6.75000000000001,-25.4,3.));
#2276=CARTESIAN_POINT('',(10.125,-25.4,3.));
#2277=CARTESIAN_POINT('',(6.75000000000001,-25.4,3.));
#2278=CARTESIAN_POINT('Origin',(15.25,-9.4,0.));
#2279=CARTESIAN_POINT('',(15.25,-9.4,0.));
#2280=CARTESIAN_POINT('',(15.25,-7.65,0.));
#2281=CARTESIAN_POINT('',(15.25,-11.95,0.));
#2282=CARTESIAN_POINT('',(15.25,-9.4,0.));
#2283=CARTESIAN_POINT('',(15.25,-7.65,0.));
#2284=CARTESIAN_POINT('Origin',(11.875,-9.4,0.));
#2285=CARTESIAN_POINT('',(11.4375,-9.4,0.));
#2286=CARTESIAN_POINT('Origin',(15.25,-17.4,0.));
#2287=CARTESIAN_POINT('',(15.25,-17.4,0.));
#2288=CARTESIAN_POINT('',(15.25,-15.65,0.));
#2289=CARTESIAN_POINT('',(15.25,-15.95,0.));
#2290=CARTESIAN_POINT('',(15.25,-17.4,0.));
#2291=CARTESIAN_POINT('',(15.25,-15.65,0.));
#2292=CARTESIAN_POINT('Origin',(11.875,-17.4,0.));
#2293=CARTESIAN_POINT('',(11.4375,-17.4,0.));
#2294=CARTESIAN_POINT('Origin',(15.25,-25.4,0.));
#2295=CARTESIAN_POINT('',(15.25,-25.4,0.));
#2296=CARTESIAN_POINT('',(15.25,-23.65,0.));
#2297=CARTESIAN_POINT('',(15.25,-19.95,0.));
#2298=CARTESIAN_POINT('',(15.25,-25.4,0.));
#2299=CARTESIAN_POINT('',(15.25,-23.65,0.));
#2300=CARTESIAN_POINT('Origin',(11.875,-25.4,0.));
#2301=CARTESIAN_POINT('',(11.875,-25.4,0.));
#2302=CARTESIAN_POINT('',(11.4375,-25.4,0.));
#2303=CARTESIAN_POINT('',(11.875,-25.4,0.));
#2304=CARTESIAN_POINT('Origin',(11.875,-29.,0.));
#2305=CARTESIAN_POINT('',(11.875,-29.,0.));
#2306=CARTESIAN_POINT('',(11.875,-21.75,0.));
#2307=CARTESIAN_POINT('',(11.875,-29.,0.));
#2308=CARTESIAN_POINT('Origin',(10.125,-25.4,0.));
#2309=CARTESIAN_POINT('',(10.125,-25.4,0.));
#2310=CARTESIAN_POINT('',(10.125,-29.,0.));
#2311=CARTESIAN_POINT('',(10.125,-19.95,0.));
#2312=CARTESIAN_POINT('',(10.125,-25.4,0.));
#2313=CARTESIAN_POINT('',(10.125,-29.,0.));
#2314=CARTESIAN_POINT('Origin',(6.75000000000001,-25.4,0.));
#2315=CARTESIAN_POINT('',(6.75000000000001,-25.4,0.));
#2316=CARTESIAN_POINT('',(8.87500000000001,-25.4,0.));
#2317=CARTESIAN_POINT('',(6.75000000000001,-25.4,0.));
#2318=CARTESIAN_POINT('Origin',(6.75000000000001,-23.65,0.));
#2319=CARTESIAN_POINT('',(6.75000000000001,-23.65,0.));
#2320=CARTESIAN_POINT('',(6.75000000000001,-19.075,0.));
#2321=CARTESIAN_POINT('',(6.75000000000001,-23.65,0.));
#2322=CARTESIAN_POINT('Origin',(10.125,-17.4,0.));
#2323=CARTESIAN_POINT('',(10.125,-21.35,0.));
#2324=CARTESIAN_POINT('',(10.125,-21.35,0.));
#2325=CARTESIAN_POINT('',(10.125,-17.4,0.));
#2326=CARTESIAN_POINT('',(10.125,-15.95,0.));
#2327=CARTESIAN_POINT('',(10.125,-17.4,0.));
#2328=CARTESIAN_POINT('Origin',(6.75000000000001,-17.4,0.));
#2329=CARTESIAN_POINT('',(6.75000000000001,-17.4,0.));
#2330=CARTESIAN_POINT('',(8.87500000000001,-17.4,0.));
#2331=CARTESIAN_POINT('',(6.75000000000001,-17.4,0.));
#2332=CARTESIAN_POINT('Origin',(6.75000000000001,-15.65,0.));
#2333=CARTESIAN_POINT('',(6.75000000000001,-15.65,0.));
#2334=CARTESIAN_POINT('',(6.75000000000001,-15.075,0.));
#2335=CARTESIAN_POINT('',(6.75000000000001,-15.65,0.));
#2336=CARTESIAN_POINT('Origin',(10.125,-9.4,0.));
#2337=CARTESIAN_POINT('',(10.125,-13.35,0.));
#2338=CARTESIAN_POINT('',(10.125,-13.35,0.));
#2339=CARTESIAN_POINT('',(10.125,-9.4,0.));
#2340=CARTESIAN_POINT('',(10.125,-11.95,0.));
#2341=CARTESIAN_POINT('',(10.125,-9.4,0.));
#2342=CARTESIAN_POINT('Origin',(6.75000000000002,-9.4,0.));
#2343=CARTESIAN_POINT('',(6.75000000000002,-9.4,0.));
#2344=CARTESIAN_POINT('',(8.87500000000001,-9.4,0.));
#2345=CARTESIAN_POINT('',(6.75000000000002,-9.4,0.));
#2346=CARTESIAN_POINT('Origin',(6.75000000000001,-7.65,0.));
#2347=CARTESIAN_POINT('',(6.75000000000001,-7.65,0.));
#2348=CARTESIAN_POINT('',(6.75000000000002,-11.075,0.));
#2349=CARTESIAN_POINT('',(6.75000000000001,-7.65,0.));
#2350=CARTESIAN_POINT('Origin',(11.875,-7.65,0.));
#2351=CARTESIAN_POINT('',(11.875,-5.35,0.));
#2352=CARTESIAN_POINT('',(11.875,-5.35,0.));
#2353=CARTESIAN_POINT('',(11.875,0.,0.));
#2354=CARTESIAN_POINT('',(11.875,0.,0.));
#2355=CARTESIAN_POINT('',(11.875,-11.075,0.));
#2356=CARTESIAN_POINT('Origin',(19.,-23.65,0.));
#2357=CARTESIAN_POINT('',(3.,-23.65,0.));
#2358=CARTESIAN_POINT('',(19.,-23.65,0.));
#2359=CARTESIAN_POINT('',(3.,-23.65,0.5));
#2360=CARTESIAN_POINT('',(3.,-23.65,0.));
#2361=CARTESIAN_POINT('',(1.,-23.65,0.5));
#2362=CARTESIAN_POINT('',(1.,-23.65,0.5));
#2363=CARTESIAN_POINT('',(1.,-23.65,4.5));
#2364=CARTESIAN_POINT('',(1.,-23.65,4.5));
#2365=CARTESIAN_POINT('',(3.,-23.65,4.5));
#2366=CARTESIAN_POINT('',(16.,-23.65,4.5));
#2367=CARTESIAN_POINT('',(3.,-23.65,3.5));
#2368=CARTESIAN_POINT('',(3.,-23.65,2.25));
#2369=CARTESIAN_POINT('',(19.,-23.65,3.5));
#2370=CARTESIAN_POINT('',(15.,-23.65,3.5));
#2371=CARTESIAN_POINT('',(19.,-23.65,4.5));
#2372=CARTESIAN_POINT('',(19.,-23.65,2.25));
#2373=CARTESIAN_POINT('',(21.,-23.65,4.5));
#2374=CARTESIAN_POINT('',(16.,-23.65,4.5));
#2375=CARTESIAN_POINT('',(21.,-23.65,0.5));
#2376=CARTESIAN_POINT('',(21.,-23.65,4.5));
#2377=CARTESIAN_POINT('',(19.,-23.65,0.5));
#2378=CARTESIAN_POINT('',(1.,-23.65,0.5));
#2379=CARTESIAN_POINT('',(19.,-23.65,0.));
#2380=CARTESIAN_POINT('',(19.,-23.65,0.));
#2381=CARTESIAN_POINT('',(19.,-23.65,0.));
#2382=CARTESIAN_POINT('Origin',(19.,-15.65,0.));
#2383=CARTESIAN_POINT('',(3.,-15.65,0.));
#2384=CARTESIAN_POINT('',(19.,-15.65,0.));
#2385=CARTESIAN_POINT('',(3.,-15.65,0.5));
#2386=CARTESIAN_POINT('',(3.,-15.65,0.));
#2387=CARTESIAN_POINT('',(1.,-15.65,0.5));
#2388=CARTESIAN_POINT('',(1.,-15.65,0.5));
#2389=CARTESIAN_POINT('',(1.,-15.65,4.5));
#2390=CARTESIAN_POINT('',(1.,-15.65,4.5));
#2391=CARTESIAN_POINT('',(3.,-15.65,4.5));
#2392=CARTESIAN_POINT('',(16.,-15.65,4.5));
#2393=CARTESIAN_POINT('',(3.,-15.65,3.5));
#2394=CARTESIAN_POINT('',(3.,-15.65,2.25));
#2395=CARTESIAN_POINT('',(19.,-15.65,3.5));
#2396=CARTESIAN_POINT('',(15.,-15.65,3.5));
#2397=CARTESIAN_POINT('',(19.,-15.65,4.5));
#2398=CARTESIAN_POINT('',(19.,-15.65,2.25));
#2399=CARTESIAN_POINT('',(21.,-15.65,4.5));
#2400=CARTESIAN_POINT('',(16.,-15.65,4.5));
#2401=CARTESIAN_POINT('',(21.,-15.65,0.5));
#2402=CARTESIAN_POINT('',(21.,-15.65,4.5));
#2403=CARTESIAN_POINT('',(19.,-15.65,0.5));
#2404=CARTESIAN_POINT('',(1.,-15.65,0.5));
#2405=CARTESIAN_POINT('',(19.,-15.65,0.));
#2406=CARTESIAN_POINT('',(19.,-15.65,0.));
#2407=CARTESIAN_POINT('',(19.,-15.65,0.));
#2408=CARTESIAN_POINT('Origin',(19.,-7.65,0.));
#2409=CARTESIAN_POINT('',(3.,-7.65,0.));
#2410=CARTESIAN_POINT('',(19.,-7.65,0.));
#2411=CARTESIAN_POINT('',(3.,-7.65,0.5));
#2412=CARTESIAN_POINT('',(3.,-7.65,0.));
#2413=CARTESIAN_POINT('',(1.,-7.65,0.5));
#2414=CARTESIAN_POINT('',(1.,-7.65,0.5));
#2415=CARTESIAN_POINT('',(1.,-7.65,4.5));
#2416=CARTESIAN_POINT('',(1.,-7.65,4.5));
#2417=CARTESIAN_POINT('',(3.,-7.65,4.5));
#2418=CARTESIAN_POINT('',(16.,-7.65,4.5));
#2419=CARTESIAN_POINT('',(3.,-7.65,3.5));
#2420=CARTESIAN_POINT('',(3.,-7.65,2.25));
#2421=CARTESIAN_POINT('',(19.,-7.65,3.5));
#2422=CARTESIAN_POINT('',(15.,-7.65,3.5));
#2423=CARTESIAN_POINT('',(19.,-7.65,4.5));
#2424=CARTESIAN_POINT('',(19.,-7.65,2.25));
#2425=CARTESIAN_POINT('',(21.,-7.65,4.5));
#2426=CARTESIAN_POINT('',(16.,-7.65,4.5));
#2427=CARTESIAN_POINT('',(21.,-7.65,0.5));
#2428=CARTESIAN_POINT('',(21.,-7.65,4.5));
#2429=CARTESIAN_POINT('',(19.,-7.65,0.5));
#2430=CARTESIAN_POINT('',(1.,-7.65,0.5));
#2431=CARTESIAN_POINT('',(19.,-7.65,0.));
#2432=CARTESIAN_POINT('',(19.,-7.65,0.));
#2433=CARTESIAN_POINT('',(19.,-7.65,0.));
#2434=CARTESIAN_POINT('Origin',(11.,-14.5,0.));
#2435=CARTESIAN_POINT('',(6.66133814775094E-15,-29.,0.));
#2436=CARTESIAN_POINT('',(8.88178419700125E-15,-29.,0.));
#2437=CARTESIAN_POINT('',(0.,0.,0.));
#2438=CARTESIAN_POINT('',(0.,0.,0.));
#2439=CARTESIAN_POINT('',(22.,0.,0.));
#2440=CARTESIAN_POINT('',(3.,-5.35,0.));
#2441=CARTESIAN_POINT('',(3.,-5.35,0.));
#2442=CARTESIAN_POINT('',(3.,-7.65,0.));
#2443=CARTESIAN_POINT('',(3.,-13.35,0.));
#2444=CARTESIAN_POINT('',(3.,-13.35,0.));
#2445=CARTESIAN_POINT('',(3.,-15.65,0.));
#2446=CARTESIAN_POINT('',(3.,-21.35,0.));
#2447=CARTESIAN_POINT('',(3.,-21.35,0.));
#2448=CARTESIAN_POINT('',(3.,-23.65,0.));
#2449=CARTESIAN_POINT('Origin',(11.,-14.5,0.));
#2450=CARTESIAN_POINT('',(19.,-21.35,0.));
#2451=CARTESIAN_POINT('',(19.,-21.35,0.));
#2452=CARTESIAN_POINT('',(3.,-21.35,0.));
#2453=CARTESIAN_POINT('',(19.,-13.35,0.));
#2454=CARTESIAN_POINT('',(19.,-13.35,0.));
#2455=CARTESIAN_POINT('',(3.,-13.35,0.));
#2456=CARTESIAN_POINT('',(19.,-5.35,0.));
#2457=CARTESIAN_POINT('',(19.,-5.35,0.));
#2458=CARTESIAN_POINT('',(3.,-5.35,0.));
#2459=CARTESIAN_POINT('',(22.,0.,0.));
#2460=CARTESIAN_POINT('',(22.,0.,0.));
#2461=CARTESIAN_POINT('',(22.,-29.,0.));
#2462=CARTESIAN_POINT('',(22.,-29.,0.));
#2463=CARTESIAN_POINT('',(8.88178419700125E-15,-29.,0.));
#2464=CARTESIAN_POINT('Origin',(3.,-5.35,0.));
#2465=CARTESIAN_POINT('',(19.,-5.35,0.5));
#2466=CARTESIAN_POINT('',(19.,-5.35,0.));
#2467=CARTESIAN_POINT('',(21.,-5.35,0.5));
#2468=CARTESIAN_POINT('',(21.,-5.35,0.5));
#2469=CARTESIAN_POINT('',(21.,-5.35,4.5));
#2470=CARTESIAN_POINT('',(21.,-5.35,4.5));
#2471=CARTESIAN_POINT('',(19.,-5.35,4.5));
#2472=CARTESIAN_POINT('',(6.,-5.35,4.5));
#2473=CARTESIAN_POINT('',(19.,-5.35,3.5));
#2474=CARTESIAN_POINT('',(19.,-5.35,2.25));
#2475=CARTESIAN_POINT('',(3.,-5.35,3.5));
#2476=CARTESIAN_POINT('',(7.,-5.35,3.5));
#2477=CARTESIAN_POINT('',(3.,-5.35,4.5));
#2478=CARTESIAN_POINT('',(3.,-5.35,2.25));
#2479=CARTESIAN_POINT('',(1.,-5.35,4.5));
#2480=CARTESIAN_POINT('',(6.,-5.35,4.5));
#2481=CARTESIAN_POINT('',(1.,-5.35,0.5));
#2482=CARTESIAN_POINT('',(1.,-5.35,4.5));
#2483=CARTESIAN_POINT('',(3.,-5.35,0.5));
#2484=CARTESIAN_POINT('',(21.,-5.35,0.5));
#2485=CARTESIAN_POINT('',(3.,-5.35,0.));
#2486=CARTESIAN_POINT('Origin',(19.,-20.2544533917771,4.5));
#2487=CARTESIAN_POINT('',(19.,-21.35,4.5));
#2488=CARTESIAN_POINT('',(19.,-21.35,3.5));
#2489=CARTESIAN_POINT('',(19.,-21.35,2.25));
#2490=CARTESIAN_POINT('',(19.,-20.2544533917771,4.5));
#2491=CARTESIAN_POINT('',(19.,-17.3772266958885,4.5));
#2492=CARTESIAN_POINT('',(19.,-20.2544533917771,3.5));
#2493=CARTESIAN_POINT('',(19.,-20.2544533917771,4.5));
#2494=CARTESIAN_POINT('',(19.,-24.5544533917771,3.5));
#2495=CARTESIAN_POINT('Origin',(11.,-22.4044533917771,3.5));
#2496=CARTESIAN_POINT('',(3.,-21.35,3.5));
#2497=CARTESIAN_POINT('',(7.,-21.35,3.5));
#2498=CARTESIAN_POINT('',(3.,-20.2544533917771,3.5));
#2499=CARTESIAN_POINT('',(19.,-20.2544533917771,3.5));
#2500=CARTESIAN_POINT('',(3.,-20.2544533917771,3.5));
#2501=CARTESIAN_POINT('Origin',(3.,-24.5544533917771,4.5));
#2502=CARTESIAN_POINT('',(3.,-21.35,4.5));
#2503=CARTESIAN_POINT('',(3.,-21.35,2.25));
#2504=CARTESIAN_POINT('',(3.,-20.2544533917771,4.5));
#2505=CARTESIAN_POINT('',(3.,-20.2544533917771,4.5));
#2506=CARTESIAN_POINT('',(3.,-19.5272266958885,4.5));
#2507=CARTESIAN_POINT('Origin',(19.,-20.2544533917771,4.5));
#2508=CARTESIAN_POINT('',(19.,-24.5544533917771,3.5));
#2509=CARTESIAN_POINT('',(19.,-24.5544533917771,3.5));
#2510=CARTESIAN_POINT('',(19.,-24.5544533917771,4.5));
#2511=CARTESIAN_POINT('',(19.,-24.5544533917771,4.5));
#2512=CARTESIAN_POINT('',(19.,-17.3772266958885,4.5));
#2513=CARTESIAN_POINT('Origin',(3.,-20.2544533917771,4.5));
#2514=CARTESIAN_POINT('',(7.,-20.2544533917771,4.5));
#2515=CARTESIAN_POINT('Origin',(3.,-24.5544533917771,4.5));
#2516=CARTESIAN_POINT('',(3.,-24.5544533917771,4.5));
#2517=CARTESIAN_POINT('',(3.,-19.5272266958885,4.5));
#2518=CARTESIAN_POINT('',(3.,-24.5544533917771,3.5));
#2519=CARTESIAN_POINT('',(3.,-24.5544533917771,4.5));
#2520=CARTESIAN_POINT('',(3.,-20.2544533917771,3.5));
#2521=CARTESIAN_POINT('Origin',(19.,-24.5544533917771,4.5));
#2522=CARTESIAN_POINT('',(15.,-24.5544533917771,4.5));
#2523=CARTESIAN_POINT('',(3.,-24.5544533917771,3.5));
#2524=CARTESIAN_POINT('Origin',(11.,-22.4044533917771,3.5));
#2525=CARTESIAN_POINT('Origin',(19.,-12.35,4.5));
#2526=CARTESIAN_POINT('',(19.,-13.35,4.5));
#2527=CARTESIAN_POINT('',(19.,-13.35,3.5));
#2528=CARTESIAN_POINT('',(19.,-13.35,2.25));
#2529=CARTESIAN_POINT('',(19.,-12.35,4.5));
#2530=CARTESIAN_POINT('',(19.,-13.425,4.5));
#2531=CARTESIAN_POINT('',(19.,-12.35,3.5));
#2532=CARTESIAN_POINT('',(19.,-12.35,4.5));
#2533=CARTESIAN_POINT('',(19.,-16.65,3.5));
#2534=CARTESIAN_POINT('Origin',(11.,-14.5,3.5));
#2535=CARTESIAN_POINT('',(3.,-13.35,3.5));
#2536=CARTESIAN_POINT('',(7.,-13.35,3.5));
#2537=CARTESIAN_POINT('',(3.,-12.35,3.5));
#2538=CARTESIAN_POINT('',(19.,-12.35,3.5));
#2539=CARTESIAN_POINT('',(3.,-12.35,3.5));
#2540=CARTESIAN_POINT('Origin',(3.,-16.65,4.5));
#2541=CARTESIAN_POINT('',(3.,-13.35,4.5));
#2542=CARTESIAN_POINT('',(3.,-13.35,2.25));
#2543=CARTESIAN_POINT('',(3.,-12.35,4.5));
#2544=CARTESIAN_POINT('',(3.,-12.35,4.5));
#2545=CARTESIAN_POINT('',(3.,-15.575,4.5));
#2546=CARTESIAN_POINT('Origin',(19.,-12.35,4.5));
#2547=CARTESIAN_POINT('',(19.,-16.65,3.5));
#2548=CARTESIAN_POINT('',(19.,-16.65,3.5));
#2549=CARTESIAN_POINT('',(19.,-16.65,4.5));
#2550=CARTESIAN_POINT('',(19.,-16.65,4.5));
#2551=CARTESIAN_POINT('',(19.,-13.425,4.5));
#2552=CARTESIAN_POINT('Origin',(3.,-12.35,4.5));
#2553=CARTESIAN_POINT('',(7.,-12.35,4.5));
#2554=CARTESIAN_POINT('Origin',(3.,-16.65,4.5));
#2555=CARTESIAN_POINT('',(3.,-16.65,4.5));
#2556=CARTESIAN_POINT('',(3.,-15.575,4.5));
#2557=CARTESIAN_POINT('',(3.,-16.65,3.5));
#2558=CARTESIAN_POINT('',(3.,-16.65,4.5));
#2559=CARTESIAN_POINT('',(3.,-12.35,3.5));
#2560=CARTESIAN_POINT('Origin',(19.,-16.65,4.5));
#2561=CARTESIAN_POINT('',(15.,-16.65,4.5));
#2562=CARTESIAN_POINT('',(3.,-16.65,3.5));
#2563=CARTESIAN_POINT('Origin',(11.,-14.5,3.5));
#2564=CARTESIAN_POINT('Origin',(19.,-4.35,4.5));
#2565=CARTESIAN_POINT('',(19.,-4.35,4.5));
#2566=CARTESIAN_POINT('',(19.,-9.425,4.5));
#2567=CARTESIAN_POINT('',(19.,-4.35,3.5));
#2568=CARTESIAN_POINT('',(19.,-4.35,4.5));
#2569=CARTESIAN_POINT('',(19.,-8.65,3.5));
#2570=CARTESIAN_POINT('Origin',(11.,-6.5,3.5));
#2571=CARTESIAN_POINT('',(3.,-4.35,3.5));
#2572=CARTESIAN_POINT('',(19.,-4.35,3.5));
#2573=CARTESIAN_POINT('',(3.,-4.35,3.5));
#2574=CARTESIAN_POINT('Origin',(3.,-8.65,4.5));
#2575=CARTESIAN_POINT('',(3.,-4.35,4.5));
#2576=CARTESIAN_POINT('',(3.,-4.35,4.5));
#2577=CARTESIAN_POINT('',(3.,-11.575,4.5));
#2578=CARTESIAN_POINT('Origin',(19.,-4.35,4.5));
#2579=CARTESIAN_POINT('',(19.,-8.65,3.5));
#2580=CARTESIAN_POINT('',(19.,-8.65,3.5));
#2581=CARTESIAN_POINT('',(19.,-8.65,4.5));
#2582=CARTESIAN_POINT('',(19.,-8.65,4.5));
#2583=CARTESIAN_POINT('',(19.,-9.425,4.5));
#2584=CARTESIAN_POINT('Origin',(3.,-4.35,4.5));
#2585=CARTESIAN_POINT('',(7.,-4.35,4.5));
#2586=CARTESIAN_POINT('Origin',(3.,-8.65,4.5));
#2587=CARTESIAN_POINT('',(3.,-8.65,4.5));
#2588=CARTESIAN_POINT('',(3.,-11.575,4.5));
#2589=CARTESIAN_POINT('',(3.,-8.65,3.5));
#2590=CARTESIAN_POINT('',(3.,-8.65,4.5));
#2591=CARTESIAN_POINT('',(3.,-4.35,3.5));
#2592=CARTESIAN_POINT('Origin',(19.,-8.65,4.5));
#2593=CARTESIAN_POINT('',(15.,-8.65,4.5));
#2594=CARTESIAN_POINT('',(3.,-8.65,3.5));
#2595=CARTESIAN_POINT('Origin',(11.,-6.5,3.5));
#2596=CARTESIAN_POINT('Origin',(3.,-21.35,0.));
#2597=CARTESIAN_POINT('',(19.,-21.35,0.5));
#2598=CARTESIAN_POINT('',(19.,-21.35,0.));
#2599=CARTESIAN_POINT('',(21.,-21.35,0.5));
#2600=CARTESIAN_POINT('',(21.,-21.35,0.5));
#2601=CARTESIAN_POINT('',(21.,-21.35,4.5));
#2602=CARTESIAN_POINT('',(21.,-21.35,4.5));
#2603=CARTESIAN_POINT('',(6.,-21.35,4.5));
#2604=CARTESIAN_POINT('',(1.,-21.35,4.5));
#2605=CARTESIAN_POINT('',(6.,-21.35,4.5));
#2606=CARTESIAN_POINT('',(1.,-21.35,0.5));
#2607=CARTESIAN_POINT('',(1.,-21.35,4.5));
#2608=CARTESIAN_POINT('',(3.,-21.35,0.5));
#2609=CARTESIAN_POINT('',(21.,-21.35,0.5));
#2610=CARTESIAN_POINT('',(3.,-21.35,0.));
#2611=CARTESIAN_POINT('Origin',(3.,-13.35,0.));
#2612=CARTESIAN_POINT('',(19.,-13.35,0.5));
#2613=CARTESIAN_POINT('',(19.,-13.35,0.));
#2614=CARTESIAN_POINT('',(21.,-13.35,0.5));
#2615=CARTESIAN_POINT('',(21.,-13.35,0.5));
#2616=CARTESIAN_POINT('',(21.,-13.35,4.5));
#2617=CARTESIAN_POINT('',(21.,-13.35,4.5));
#2618=CARTESIAN_POINT('',(6.,-13.35,4.5));
#2619=CARTESIAN_POINT('',(1.,-13.35,4.5));
#2620=CARTESIAN_POINT('',(6.,-13.35,4.5));
#2621=CARTESIAN_POINT('',(1.,-13.35,0.5));
#2622=CARTESIAN_POINT('',(1.,-13.35,4.5));
#2623=CARTESIAN_POINT('',(3.,-13.35,0.5));
#2624=CARTESIAN_POINT('',(21.,-13.35,0.5));
#2625=CARTESIAN_POINT('',(3.,-13.35,0.));
#2626=CARTESIAN_POINT('Origin',(11.,-14.5,4.5));
#2627=CARTESIAN_POINT('',(6.66133814775094E-15,-29.,4.5));
#2628=CARTESIAN_POINT('',(22.,-29.,4.5));
#2629=CARTESIAN_POINT('',(8.88178419700125E-15,-29.,4.5));
#2630=CARTESIAN_POINT('',(22.,0.,4.5));
#2631=CARTESIAN_POINT('',(22.,-29.,4.5));
#2632=CARTESIAN_POINT('',(0.,0.,4.5));
#2633=CARTESIAN_POINT('',(22.,0.,4.5));
#2634=CARTESIAN_POINT('',(0.,0.,4.5));
#2635=CARTESIAN_POINT('',(1.,-11.075,4.5));
#2636=CARTESIAN_POINT('',(21.,-9.925,4.5));
#2637=CARTESIAN_POINT('',(1.,-15.075,4.5));
#2638=CARTESIAN_POINT('',(21.,-13.925,4.5));
#2639=CARTESIAN_POINT('',(1.,-19.075,4.5));
#2640=CARTESIAN_POINT('',(21.,-17.925,4.5));
#2641=CARTESIAN_POINT('Origin',(11.,-22.5,0.5));
#2642=CARTESIAN_POINT('',(19.,-21.925,0.5));
#2643=CARTESIAN_POINT('',(21.,-23.65,0.5));
#2644=CARTESIAN_POINT('Origin',(11.,-22.5,0.5));
#2645=CARTESIAN_POINT('',(3.,-23.075,0.5));
#2646=CARTESIAN_POINT('',(1.,-21.35,0.5));
#2647=CARTESIAN_POINT('Origin',(21.,-21.35,4.5));
#2648=CARTESIAN_POINT('Origin',(1.,-23.65,4.5));
#2649=CARTESIAN_POINT('Origin',(11.,-14.5,0.5));
#2650=CARTESIAN_POINT('',(19.,-13.925,0.5));
#2651=CARTESIAN_POINT('',(21.,-15.65,0.5));
#2652=CARTESIAN_POINT('Origin',(11.,-14.5,0.5));
#2653=CARTESIAN_POINT('',(3.,-15.075,0.5));
#2654=CARTESIAN_POINT('',(1.,-13.35,0.5));
#2655=CARTESIAN_POINT('Origin',(21.,-13.35,4.5));
#2656=CARTESIAN_POINT('Origin',(1.,-15.65,4.5));
#2657=CARTESIAN_POINT('Origin',(11.,-6.5,0.5));
#2658=CARTESIAN_POINT('',(19.,-5.925,0.5));
#2659=CARTESIAN_POINT('',(21.,-7.65,0.5));
#2660=CARTESIAN_POINT('Origin',(11.,-6.5,0.5));
#2661=CARTESIAN_POINT('',(3.,-7.075,0.5));
#2662=CARTESIAN_POINT('',(1.,-5.35,0.5));
#2663=CARTESIAN_POINT('Origin',(21.,-5.35,4.5));
#2664=CARTESIAN_POINT('Origin',(1.,-7.65,4.5));
#2665=CARTESIAN_POINT('Origin',(3.,-23.65,0.));
#2666=CARTESIAN_POINT('Origin',(3.,-15.65,0.));
#2667=CARTESIAN_POINT('Origin',(3.,-7.65,0.));
#2668=CARTESIAN_POINT('Origin',(19.,-5.35,0.));
#2669=CARTESIAN_POINT('Origin',(19.,-13.35,0.));
#2670=CARTESIAN_POINT('Origin',(19.,-21.35,0.));
#2671=CARTESIAN_POINT('Origin',(0.,0.,0.));
#2672=CARTESIAN_POINT('',(6.66133814775094E-15,-29.,0.));
#2673=CARTESIAN_POINT('',(0.,0.,0.));
#2674=CARTESIAN_POINT('Origin',(22.,0.,0.));
#2675=CARTESIAN_POINT('',(22.,0.,0.));
#2676=CARTESIAN_POINT('Origin',(22.,-29.,0.));
#2677=CARTESIAN_POINT('',(22.,-29.,0.));
#2678=CARTESIAN_POINT('Origin',(6.66133814775094E-15,-29.,0.));
#2679=UNCERTAINTY_MEASURE_WITH_UNIT(LENGTH_MEASURE(0.01),#2683,
'DISTANCE_ACCURACY_VALUE',
'Maximum model space distance between geometric entities at asserted c
onnectivities');
#2680=UNCERTAINTY_MEASURE_WITH_UNIT(LENGTH_MEASURE(0.01),#2683,
'DISTANCE_ACCURACY_VALUE',
'Maximum model space distance between geometric entities at asserted c
onnectivities');
#2681=(
GEOMETRIC_REPRESENTATION_CONTEXT(3)
GLOBAL_UNCERTAINTY_ASSIGNED_CONTEXT((#2679))
GLOBAL_UNIT_ASSIGNED_CONTEXT((#2683,#2685,#2686))
REPRESENTATION_CONTEXT('','3D')
);
#2682=(
GEOMETRIC_REPRESENTATION_CONTEXT(3)
GLOBAL_UNCERTAINTY_ASSIGNED_CONTEXT((#2680))
GLOBAL_UNIT_ASSIGNED_CONTEXT((#2683,#2685,#2686))
REPRESENTATION_CONTEXT('','3D')
);
#2683=(
LENGTH_UNIT()
NAMED_UNIT(*)
SI_UNIT(.MILLI.,.METRE.)
);
#2684=(
LENGTH_UNIT()
NAMED_UNIT(*)
SI_UNIT(.CENTI.,.METRE.)
);
#2685=(
NAMED_UNIT(*)
PLANE_ANGLE_UNIT()
SI_UNIT($,.RADIAN.)
);
#2686=(
NAMED_UNIT(*)
SI_UNIT($,.STERADIAN.)
SOLID_ANGLE_UNIT()
);
#2687=SHAPE_DEFINITION_REPRESENTATION(#2688,#2689);
#2688=PRODUCT_DEFINITION_SHAPE('',$,#2691);
#2689=SHAPE_REPRESENTATION('',(#1719),#2681);
#2690=PRODUCT_DEFINITION_CONTEXT('part definition',#2695,'design');
#2691=PRODUCT_DEFINITION('Lightpipe shield','Lightpipe shield',#2692,#2690);
#2692=PRODUCT_DEFINITION_FORMATION('',$,#2697);
#2693=PRODUCT_RELATED_PRODUCT_CATEGORY('Lightpipe shield',
'Lightpipe shield',(#2697));
#2694=APPLICATION_PROTOCOL_DEFINITION('international standard',
'automotive_design',2009,#2695);
#2695=APPLICATION_CONTEXT(
'Core Data for Automotive Mechanical Design Process');
#2696=PRODUCT_CONTEXT('part definition',#2695,'mechanical');
#2697=PRODUCT('Lightpipe shield','Lightpipe shield',$,(#2696));
#2698=PRESENTATION_STYLE_ASSIGNMENT((#2699));
#2699=SURFACE_STYLE_USAGE(.BOTH.,#2702);
#2700=SURFACE_STYLE_RENDERING_WITH_PROPERTIES($,#2706,(#2701));
#2701=SURFACE_STYLE_TRANSPARENT(0.);
#2702=SURFACE_SIDE_STYLE('',(#2703,#2700));
#2703=SURFACE_STYLE_FILL_AREA(#2704);
#2704=FILL_AREA_STYLE('',(#2705));
#2705=FILL_AREA_STYLE_COLOUR('',#2706);
#2706=COLOUR_RGB('',0.749019607843137,0.749019607843137,0.749019607843137);
ENDSEC;
END-ISO-10303-21;
