ISO-10303-21;
HEADER;
/* Generated by software containing ST-Developer
 * from STEP Tools, Inc. (www.steptools.com) 
 */

FILE_DESCRIPTION(
/* description */ (''),
/* implementation_level */ '2;1');

FILE_NAME(
/* name */ 'Newer Lightpipe shield.stp',
/* time_stamp */ '2026-02-01T08:57:49-05:00',
/* author */ ('adam'),
/* organization */ (''),
/* preprocessor_version */ 'ST-DEVELOPER v20',
/* originating_system */ 'Autodesk Inventor 2025',
/* authorisation */ '');

FILE_SCHEMA (('AUTOMOTIVE_DESIGN { 1 0 10303 214 3 1 1 }'));
ENDSEC;

DATA;
#10=MECHANICAL_DESIGN_GEOMETRIC_PRESENTATION_REPRESENTATION('',(#13),#2692);
#11=SHAPE_REPRESENTATION_RELATIONSHIP('SRR','None',#2699,#12);
#12=ADVANCED_BREP_SHAPE_REPRESENTATION('',(#14),#2691);
#13=STYLED_ITEM('',(#2708),#14);
#14=MANIFOLD_SOLID_BREP('Solid1',#1703);
#15=FACE_BOUND('',#156,.T.);
#16=FACE_BOUND('',#157,.T.);
#17=FACE_BOUND('',#158,.T.);
#18=FACE_BOUND('',#182,.T.);
#19=FACE_OUTER_BOUND('',#99,.T.);
#20=FACE_OUTER_BOUND('',#100,.T.);
#21=FACE_OUTER_BOUND('',#101,.T.);
#22=FACE_OUTER_BOUND('',#102,.T.);
#23=FACE_OUTER_BOUND('',#103,.T.);
#24=FACE_OUTER_BOUND('',#104,.T.);
#25=FACE_OUTER_BOUND('',#105,.T.);
#26=FACE_OUTER_BOUND('',#106,.T.);
#27=FACE_OUTER_BOUND('',#107,.T.);
#28=FACE_OUTER_BOUND('',#108,.T.);
#29=FACE_OUTER_BOUND('',#109,.T.);
#30=FACE_OUTER_BOUND('',#110,.T.);
#31=FACE_OUTER_BOUND('',#111,.T.);
#32=FACE_OUTER_BOUND('',#112,.T.);
#33=FACE_OUTER_BOUND('',#113,.T.);
#34=FACE_OUTER_BOUND('',#114,.T.);
#35=FACE_OUTER_BOUND('',#115,.T.);
#36=FACE_OUTER_BOUND('',#116,.T.);
#37=FACE_OUTER_BOUND('',#117,.T.);
#38=FACE_OUTER_BOUND('',#118,.T.);
#39=FACE_OUTER_BOUND('',#119,.T.);
#40=FACE_OUTER_BOUND('',#120,.T.);
#41=FACE_OUTER_BOUND('',#121,.T.);
#42=FACE_OUTER_BOUND('',#122,.T.);
#43=FACE_OUTER_BOUND('',#123,.T.);
#44=FACE_OUTER_BOUND('',#124,.T.);
#45=FACE_OUTER_BOUND('',#125,.T.);
#46=FACE_OUTER_BOUND('',#126,.T.);
#47=FACE_OUTER_BOUND('',#127,.T.);
#48=FACE_OUTER_BOUND('',#128,.T.);
#49=FACE_OUTER_BOUND('',#129,.T.);
#50=FACE_OUTER_BOUND('',#130,.T.);
#51=FACE_OUTER_BOUND('',#131,.T.);
#52=FACE_OUTER_BOUND('',#132,.T.);
#53=FACE_OUTER_BOUND('',#133,.T.);
#54=FACE_OUTER_BOUND('',#134,.T.);
#55=FACE_OUTER_BOUND('',#135,.T.);
#56=FACE_OUTER_BOUND('',#136,.T.);
#57=FACE_OUTER_BOUND('',#137,.T.);
#58=FACE_OUTER_BOUND('',#138,.T.);
#59=FACE_OUTER_BOUND('',#139,.T.);
#60=FACE_OUTER_BOUND('',#140,.T.);
#61=FACE_OUTER_BOUND('',#141,.T.);
#62=FACE_OUTER_BOUND('',#142,.T.);
#63=FACE_OUTER_BOUND('',#143,.T.);
#64=FACE_OUTER_BOUND('',#144,.T.);
#65=FACE_OUTER_BOUND('',#145,.T.);
#66=FACE_OUTER_BOUND('',#146,.T.);
#67=FACE_OUTER_BOUND('',#147,.T.);
#68=FACE_OUTER_BOUND('',#148,.T.);
#69=FACE_OUTER_BOUND('',#149,.T.);
#70=FACE_OUTER_BOUND('',#150,.T.);
#71=FACE_OUTER_BOUND('',#151,.T.);
#72=FACE_OUTER_BOUND('',#152,.T.);
#73=FACE_OUTER_BOUND('',#153,.T.);
#74=FACE_OUTER_BOUND('',#154,.T.);
#75=FACE_OUTER_BOUND('',#155,.T.);
#76=FACE_OUTER_BOUND('',#159,.T.);
#77=FACE_OUTER_BOUND('',#160,.T.);
#78=FACE_OUTER_BOUND('',#161,.T.);
#79=FACE_OUTER_BOUND('',#162,.T.);
#80=FACE_OUTER_BOUND('',#163,.T.);
#81=FACE_OUTER_BOUND('',#164,.T.);
#82=FACE_OUTER_BOUND('',#165,.T.);
#83=FACE_OUTER_BOUND('',#166,.T.);
#84=FACE_OUTER_BOUND('',#167,.T.);
#85=FACE_OUTER_BOUND('',#168,.T.);
#86=FACE_OUTER_BOUND('',#169,.T.);
#87=FACE_OUTER_BOUND('',#170,.T.);
#88=FACE_OUTER_BOUND('',#171,.T.);
#89=FACE_OUTER_BOUND('',#172,.T.);
#90=FACE_OUTER_BOUND('',#173,.T.);
#91=FACE_OUTER_BOUND('',#174,.T.);
#92=FACE_OUTER_BOUND('',#175,.T.);
#93=FACE_OUTER_BOUND('',#176,.T.);
#94=FACE_OUTER_BOUND('',#177,.T.);
#95=FACE_OUTER_BOUND('',#178,.T.);
#96=FACE_OUTER_BOUND('',#179,.T.);
#97=FACE_OUTER_BOUND('',#180,.T.);
#98=FACE_OUTER_BOUND('',#181,.T.);
#99=EDGE_LOOP('',(#1063,#1064,#1065,#1066));
#100=EDGE_LOOP('',(#1067,#1068,#1069,#1070));
#101=EDGE_LOOP('',(#1071,#1072,#1073,#1074));
#102=EDGE_LOOP('',(#1075,#1076,#1077,#1078));
#103=EDGE_LOOP('',(#1079,#1080,#1081,#1082,#1083,#1084,#1085,#1086));
#104=EDGE_LOOP('',(#1087,#1088,#1089,#1090,#1091,#1092,#1093,#1094));
#105=EDGE_LOOP('',(#1095,#1096,#1097,#1098,#1099,#1100,#1101,#1102));
#106=EDGE_LOOP('',(#1103,#1104,#1105,#1106));
#107=EDGE_LOOP('',(#1107,#1108,#1109,#1110));
#108=EDGE_LOOP('',(#1111,#1112,#1113,#1114));
#109=EDGE_LOOP('',(#1115,#1116,#1117,#1118));
#110=EDGE_LOOP('',(#1119,#1120,#1121,#1122));
#111=EDGE_LOOP('',(#1123,#1124,#1125,#1126));
#112=EDGE_LOOP('',(#1127,#1128,#1129,#1130));
#113=EDGE_LOOP('',(#1131,#1132,#1133,#1134));
#114=EDGE_LOOP('',(#1135,#1136,#1137,#1138));
#115=EDGE_LOOP('',(#1139,#1140,#1141,#1142));
#116=EDGE_LOOP('',(#1143,#1144,#1145,#1146));
#117=EDGE_LOOP('',(#1147,#1148,#1149,#1150));
#118=EDGE_LOOP('',(#1151,#1152,#1153,#1154));
#119=EDGE_LOOP('',(#1155,#1156,#1157,#1158));
#120=EDGE_LOOP('',(#1159,#1160,#1161,#1162));
#121=EDGE_LOOP('',(#1163,#1164,#1165,#1166));
#122=EDGE_LOOP('',(#1167,#1168,#1169,#1170));
#123=EDGE_LOOP('',(#1171,#1172,#1173,#1174));
#124=EDGE_LOOP('',(#1175,#1176,#1177,#1178));
#125=EDGE_LOOP('',(#1179,#1180,#1181,#1182,#1183,#1184,#1185,#1186,#1187,
#1188,#1189,#1190,#1191,#1192,#1193,#1194));
#126=EDGE_LOOP('',(#1195,#1196,#1197,#1198,#1199,#1200,#1201,#1202,#1203,
#1204,#1205,#1206,#1207,#1208,#1209,#1210));
#127=EDGE_LOOP('',(#1211,#1212,#1213,#1214,#1215,#1216,#1217,#1218,#1219,
#1220,#1221,#1222,#1223,#1224,#1225,#1226));
#128=EDGE_LOOP('',(#1227,#1228,#1229,#1230,#1231,#1232,#1233,#1234,#1235,
#1236,#1237,#1238,#1239,#1240,#1241,#1242));
#129=EDGE_LOOP('',(#1243,#1244,#1245,#1246));
#130=EDGE_LOOP('',(#1247,#1248,#1249,#1250));
#131=EDGE_LOOP('',(#1251,#1252,#1253,#1254));
#132=EDGE_LOOP('',(#1255,#1256,#1257,#1258));
#133=EDGE_LOOP('',(#1259,#1260,#1261,#1262));
#134=EDGE_LOOP('',(#1263,#1264,#1265,#1266));
#135=EDGE_LOOP('',(#1267,#1268,#1269,#1270));
#136=EDGE_LOOP('',(#1271,#1272,#1273,#1274));
#137=EDGE_LOOP('',(#1275,#1276,#1277,#1278));
#138=EDGE_LOOP('',(#1279,#1280,#1281,#1282));
#139=EDGE_LOOP('',(#1283,#1284,#1285,#1286));
#140=EDGE_LOOP('',(#1287,#1288,#1289,#1290));
#141=EDGE_LOOP('',(#1291,#1292,#1293,#1294));
#142=EDGE_LOOP('',(#1295,#1296,#1297,#1298));
#143=EDGE_LOOP('',(#1299,#1300,#1301,#1302));
#144=EDGE_LOOP('',(#1303,#1304,#1305,#1306));
#145=EDGE_LOOP('',(#1307,#1308,#1309,#1310));
#146=EDGE_LOOP('',(#1311,#1312,#1313,#1314));
#147=EDGE_LOOP('',(#1315,#1316,#1317,#1318));
#148=EDGE_LOOP('',(#1319,#1320,#1321,#1322));
#149=EDGE_LOOP('',(#1323,#1324,#1325,#1326));
#150=EDGE_LOOP('',(#1327,#1328,#1329,#1330));
#151=EDGE_LOOP('',(#1331,#1332,#1333,#1334));
#152=EDGE_LOOP('',(#1335,#1336,#1337,#1338));
#153=EDGE_LOOP('',(#1339,#1340,#1341,#1342,#1343,#1344,#1345,#1346,#1347,
#1348,#1349,#1350,#1351,#1352,#1353,#1354));
#154=EDGE_LOOP('',(#1355,#1356,#1357,#1358,#1359,#1360,#1361,#1362,#1363,
#1364,#1365,#1366,#1367,#1368,#1369,#1370));
#155=EDGE_LOOP('',(#1371,#1372,#1373,#1374));
#156=EDGE_LOOP('',(#1375,#1376,#1377,#1378,#1379,#1380,#1381,#1382,#1383,
#1384,#1385,#1386));
#157=EDGE_LOOP('',(#1387,#1388,#1389,#1390,#1391,#1392,#1393,#1394,#1395,
#1396,#1397,#1398));
#158=EDGE_LOOP('',(#1399,#1400,#1401,#1402,#1403,#1404,#1405,#1406,#1407,
#1408,#1409,#1410));
#159=EDGE_LOOP('',(#1411,#1412,#1413,#1414));
#160=EDGE_LOOP('',(#1415,#1416,#1417,#1418));
#161=EDGE_LOOP('',(#1419,#1420,#1421,#1422));
#162=EDGE_LOOP('',(#1423,#1424,#1425,#1426));
#163=EDGE_LOOP('',(#1427,#1428,#1429,#1430));
#164=EDGE_LOOP('',(#1431,#1432,#1433,#1434));
#165=EDGE_LOOP('',(#1435,#1436,#1437,#1438));
#166=EDGE_LOOP('',(#1439,#1440,#1441,#1442));
#167=EDGE_LOOP('',(#1443,#1444,#1445,#1446));
#168=EDGE_LOOP('',(#1447,#1448,#1449,#1450));
#169=EDGE_LOOP('',(#1451,#1452,#1453,#1454));
#170=EDGE_LOOP('',(#1455,#1456,#1457,#1458));
#171=EDGE_LOOP('',(#1459,#1460,#1461,#1462));
#172=EDGE_LOOP('',(#1463,#1464,#1465,#1466));
#173=EDGE_LOOP('',(#1467,#1468,#1469,#1470));
#174=EDGE_LOOP('',(#1471,#1472,#1473,#1474));
#175=EDGE_LOOP('',(#1475,#1476,#1477,#1478));
#176=EDGE_LOOP('',(#1479,#1480,#1481,#1482));
#177=EDGE_LOOP('',(#1483,#1484,#1485,#1486));
#178=EDGE_LOOP('',(#1487,#1488,#1489,#1490));
#179=EDGE_LOOP('',(#1491,#1492,#1493,#1494));
#180=EDGE_LOOP('',(#1495,#1496,#1497,#1498));
#181=EDGE_LOOP('',(#1499,#1500,#1501,#1502));
#182=EDGE_LOOP('',(#1503,#1504,#1505,#1506,#1507,#1508,#1509,#1510,#1511,
#1512,#1513,#1514,#1515,#1516,#1517,#1518,#1519,#1520,#1521,#1522,#1523,
#1524,#1525,#1526,#1527,#1528,#1529,#1530,#1531,#1532,#1533,#1534,#1535,
#1536,#1537,#1538,#1539,#1540,#1541,#1542));
#183=LINE('',#2212,#423);
#184=LINE('',#2214,#424);
#185=LINE('',#2216,#425);
#186=LINE('',#2217,#426);
#187=LINE('',#2221,#427);
#188=LINE('',#2223,#428);
#189=LINE('',#2225,#429);
#190=LINE('',#2226,#430);
#191=LINE('',#2230,#431);
#192=LINE('',#2232,#432);
#193=LINE('',#2234,#433);
#194=LINE('',#2235,#434);
#195=LINE('',#2238,#435);
#196=LINE('',#2240,#436);
#197=LINE('',#2241,#437);
#198=LINE('',#2244,#438);
#199=LINE('',#2246,#439);
#200=LINE('',#2248,#440);
#201=LINE('',#2250,#441);
#202=LINE('',#2252,#442);
#203=LINE('',#2254,#443);
#204=LINE('',#2255,#444);
#205=LINE('',#2258,#445);
#206=LINE('',#2260,#446);
#207=LINE('',#2262,#447);
#208=LINE('',#2264,#448);
#209=LINE('',#2266,#449);
#210=LINE('',#2268,#450);
#211=LINE('',#2269,#451);
#212=LINE('',#2273,#452);
#213=LINE('',#2275,#453);
#214=LINE('',#2277,#454);
#215=LINE('',#2279,#455);
#216=LINE('',#2281,#456);
#217=LINE('',#2283,#457);
#218=LINE('',#2285,#458);
#219=LINE('',#2286,#459);
#220=LINE('',#2290,#460);
#221=LINE('',#2291,#461);
#222=LINE('',#2292,#462);
#223=LINE('',#2294,#463);
#224=LINE('',#2298,#464);
#225=LINE('',#2299,#465);
#226=LINE('',#2300,#466);
#227=LINE('',#2302,#467);
#228=LINE('',#2306,#468);
#229=LINE('',#2307,#469);
#230=LINE('',#2308,#470);
#231=LINE('',#2311,#471);
#232=LINE('',#2312,#472);
#233=LINE('',#2315,#473);
#234=LINE('',#2316,#474);
#235=LINE('',#2319,#475);
#236=LINE('',#2320,#476);
#237=LINE('',#2323,#477);
#238=LINE('',#2324,#478);
#239=LINE('',#2327,#479);
#240=LINE('',#2328,#480);
#241=LINE('',#2331,#481);
#242=LINE('',#2332,#482);
#243=LINE('',#2335,#483);
#244=LINE('',#2337,#484);
#245=LINE('',#2338,#485);
#246=LINE('',#2341,#486);
#247=LINE('',#2342,#487);
#248=LINE('',#2345,#488);
#249=LINE('',#2346,#489);
#250=LINE('',#2349,#490);
#251=LINE('',#2351,#491);
#252=LINE('',#2352,#492);
#253=LINE('',#2355,#493);
#254=LINE('',#2356,#494);
#255=LINE('',#2359,#495);
#256=LINE('',#2360,#496);
#257=LINE('',#2363,#497);
#258=LINE('',#2364,#498);
#259=LINE('',#2367,#499);
#260=LINE('',#2368,#500);
#261=LINE('',#2371,#501);
#262=LINE('',#2373,#502);
#263=LINE('',#2375,#503);
#264=LINE('',#2377,#504);
#265=LINE('',#2379,#505);
#266=LINE('',#2381,#506);
#267=LINE('',#2383,#507);
#268=LINE('',#2385,#508);
#269=LINE('',#2387,#509);
#270=LINE('',#2389,#510);
#271=LINE('',#2391,#511);
#272=LINE('',#2393,#512);
#273=LINE('',#2394,#513);
#274=LINE('',#2397,#514);
#275=LINE('',#2399,#515);
#276=LINE('',#2401,#516);
#277=LINE('',#2403,#517);
#278=LINE('',#2405,#518);
#279=LINE('',#2407,#519);
#280=LINE('',#2409,#520);
#281=LINE('',#2411,#521);
#282=LINE('',#2413,#522);
#283=LINE('',#2415,#523);
#284=LINE('',#2417,#524);
#285=LINE('',#2419,#525);
#286=LINE('',#2420,#526);
#287=LINE('',#2423,#527);
#288=LINE('',#2425,#528);
#289=LINE('',#2427,#529);
#290=LINE('',#2429,#530);
#291=LINE('',#2431,#531);
#292=LINE('',#2433,#532);
#293=LINE('',#2435,#533);
#294=LINE('',#2437,#534);
#295=LINE('',#2439,#535);
#296=LINE('',#2441,#536);
#297=LINE('',#2443,#537);
#298=LINE('',#2445,#538);
#299=LINE('',#2446,#539);
#300=LINE('',#2449,#540);
#301=LINE('',#2451,#541);
#302=LINE('',#2453,#542);
#303=LINE('',#2455,#543);
#304=LINE('',#2457,#544);
#305=LINE('',#2459,#545);
#306=LINE('',#2461,#546);
#307=LINE('',#2463,#547);
#308=LINE('',#2465,#548);
#309=LINE('',#2467,#549);
#310=LINE('',#2469,#550);
#311=LINE('',#2471,#551);
#312=LINE('',#2472,#552);
#313=LINE('',#2476,#553);
#314=LINE('',#2478,#554);
#315=LINE('',#2480,#555);
#316=LINE('',#2481,#556);
#317=LINE('',#2484,#557);
#318=LINE('',#2486,#558);
#319=LINE('',#2487,#559);
#320=LINE('',#2490,#560);
#321=LINE('',#2492,#561);
#322=LINE('',#2493,#562);
#323=LINE('',#2496,#563);
#324=LINE('',#2498,#564);
#325=LINE('',#2499,#565);
#326=LINE('',#2501,#566);
#327=LINE('',#2504,#567);
#328=LINE('',#2506,#568);
#329=LINE('',#2507,#569);
#330=LINE('',#2509,#570);
#331=LINE('',#2510,#571);
#332=LINE('',#2515,#572);
#333=LINE('',#2517,#573);
#334=LINE('',#2519,#574);
#335=LINE('',#2520,#575);
#336=LINE('',#2523,#576);
#337=LINE('',#2525,#577);
#338=LINE('',#2526,#578);
#339=LINE('',#2529,#579);
#340=LINE('',#2531,#580);
#341=LINE('',#2532,#581);
#342=LINE('',#2535,#582);
#343=LINE('',#2537,#583);
#344=LINE('',#2538,#584);
#345=LINE('',#2540,#585);
#346=LINE('',#2543,#586);
#347=LINE('',#2545,#587);
#348=LINE('',#2546,#588);
#349=LINE('',#2548,#589);
#350=LINE('',#2549,#590);
#351=LINE('',#2553,#591);
#352=LINE('',#2555,#592);
#353=LINE('',#2556,#593);
#354=LINE('',#2559,#594);
#355=LINE('',#2560,#595);
#356=LINE('',#2563,#596);
#357=LINE('',#2564,#597);
#358=LINE('',#2567,#598);
#359=LINE('',#2569,#599);
#360=LINE('',#2570,#600);
#361=LINE('',#2572,#601);
#362=LINE('',#2575,#602);
#363=LINE('',#2577,#603);
#364=LINE('',#2578,#604);
#365=LINE('',#2580,#605);
#366=LINE('',#2581,#606);
#367=LINE('',#2585,#607);
#368=LINE('',#2587,#608);
#369=LINE('',#2589,#609);
#370=LINE('',#2591,#610);
#371=LINE('',#2592,#611);
#372=LINE('',#2594,#612);
#373=LINE('',#2596,#613);
#374=LINE('',#2598,#614);
#375=LINE('',#2600,#615);
#376=LINE('',#2601,#616);
#377=LINE('',#2604,#617);
#378=LINE('',#2606,#618);
#379=LINE('',#2608,#619);
#380=LINE('',#2610,#620);
#381=LINE('',#2611,#621);
#382=LINE('',#2613,#622);
#383=LINE('',#2615,#623);
#384=LINE('',#2617,#624);
#385=LINE('',#2619,#625);
#386=LINE('',#2620,#626);
#387=LINE('',#2624,#627);
#388=LINE('',#2626,#628);
#389=LINE('',#2628,#629);
#390=LINE('',#2629,#630);
#391=LINE('',#2630,#631);
#392=LINE('',#2631,#632);
#393=LINE('',#2632,#633);
#394=LINE('',#2633,#634);
#395=LINE('',#2634,#635);
#396=LINE('',#2635,#636);
#397=LINE('',#2637,#637);
#398=LINE('',#2638,#638);
#399=LINE('',#2640,#639);
#400=LINE('',#2641,#640);
#401=LINE('',#2645,#641);
#402=LINE('',#2646,#642);
#403=LINE('',#2648,#643);
#404=LINE('',#2649,#644);
#405=LINE('',#2653,#645);
#406=LINE('',#2654,#646);
#407=LINE('',#2656,#647);
#408=LINE('',#2657,#648);
#409=LINE('',#2661,#649);
#410=LINE('',#2663,#650);
#411=LINE('',#2665,#651);
#412=LINE('',#2667,#652);
#413=LINE('',#2669,#653);
#414=LINE('',#2671,#654);
#415=LINE('',#2675,#655);
#416=LINE('',#2676,#656);
#417=LINE('',#2677,#657);
#418=LINE('',#2680,#658);
#419=LINE('',#2681,#659);
#420=LINE('',#2684,#660);
#421=LINE('',#2685,#661);
#422=LINE('',#2687,#662);
#423=VECTOR('',#1810,10.);
#424=VECTOR('',#1811,10.);
#425=VECTOR('',#1812,10.);
#426=VECTOR('',#1813,10.);
#427=VECTOR('',#1816,10.);
#428=VECTOR('',#1817,10.);
#429=VECTOR('',#1818,10.);
#430=VECTOR('',#1819,10.);
#431=VECTOR('',#1822,10.);
#432=VECTOR('',#1823,10.);
#433=VECTOR('',#1824,10.);
#434=VECTOR('',#1825,10.);
#435=VECTOR('',#1828,10.);
#436=VECTOR('',#1829,10.);
#437=VECTOR('',#1830,10.);
#438=VECTOR('',#1833,10.);
#439=VECTOR('',#1834,10.);
#440=VECTOR('',#1835,10.);
#441=VECTOR('',#1836,10.);
#442=VECTOR('',#1837,10.);
#443=VECTOR('',#1838,10.);
#444=VECTOR('',#1839,10.);
#445=VECTOR('',#1842,10.);
#446=VECTOR('',#1843,10.);
#447=VECTOR('',#1844,10.);
#448=VECTOR('',#1845,10.);
#449=VECTOR('',#1846,10.);
#450=VECTOR('',#1847,10.);
#451=VECTOR('',#1848,10.);
#452=VECTOR('',#1851,10.);
#453=VECTOR('',#1852,10.);
#454=VECTOR('',#1853,10.);
#455=VECTOR('',#1854,10.);
#456=VECTOR('',#1855,10.);
#457=VECTOR('',#1856,10.);
#458=VECTOR('',#1857,10.);
#459=VECTOR('',#1858,10.);
#460=VECTOR('',#1861,10.);
#461=VECTOR('',#1862,10.);
#462=VECTOR('',#1863,10.);
#463=VECTOR('',#1866,10.);
#464=VECTOR('',#1869,10.);
#465=VECTOR('',#1870,10.);
#466=VECTOR('',#1871,10.);
#467=VECTOR('',#1874,10.);
#468=VECTOR('',#1877,10.);
#469=VECTOR('',#1878,10.);
#470=VECTOR('',#1879,10.);
#471=VECTOR('',#1882,10.);
#472=VECTOR('',#1883,10.);
#473=VECTOR('',#1886,10.);
#474=VECTOR('',#1887,10.);
#475=VECTOR('',#1890,10.);
#476=VECTOR('',#1891,10.);
#477=VECTOR('',#1894,10.);
#478=VECTOR('',#1895,10.);
#479=VECTOR('',#1898,10.);
#480=VECTOR('',#1899,10.);
#481=VECTOR('',#1902,10.);
#482=VECTOR('',#1903,10.);
#483=VECTOR('',#1906,10.);
#484=VECTOR('',#1907,10.);
#485=VECTOR('',#1908,10.);
#486=VECTOR('',#1911,10.);
#487=VECTOR('',#1912,10.);
#488=VECTOR('',#1915,10.);
#489=VECTOR('',#1916,10.);
#490=VECTOR('',#1919,10.);
#491=VECTOR('',#1920,10.);
#492=VECTOR('',#1921,10.);
#493=VECTOR('',#1924,10.);
#494=VECTOR('',#1925,10.);
#495=VECTOR('',#1928,10.);
#496=VECTOR('',#1929,10.);
#497=VECTOR('',#1932,10.);
#498=VECTOR('',#1933,10.);
#499=VECTOR('',#1936,10.);
#500=VECTOR('',#1937,10.);
#501=VECTOR('',#1940,10.);
#502=VECTOR('',#1941,10.);
#503=VECTOR('',#1942,10.);
#504=VECTOR('',#1943,10.);
#505=VECTOR('',#1944,10.);
#506=VECTOR('',#1945,10.);
#507=VECTOR('',#1946,10.);
#508=VECTOR('',#1947,10.);
#509=VECTOR('',#1948,10.);
#510=VECTOR('',#1949,10.);
#511=VECTOR('',#1950,10.);
#512=VECTOR('',#1951,10.);
#513=VECTOR('',#1952,10.);
#514=VECTOR('',#1955,10.);
#515=VECTOR('',#1956,10.);
#516=VECTOR('',#1957,10.);
#517=VECTOR('',#1958,10.);
#518=VECTOR('',#1959,10.);
#519=VECTOR('',#1960,10.);
#520=VECTOR('',#1961,10.);
#521=VECTOR('',#1962,10.);
#522=VECTOR('',#1963,10.);
#523=VECTOR('',#1964,10.);
#524=VECTOR('',#1965,10.);
#525=VECTOR('',#1966,10.);
#526=VECTOR('',#1967,10.);
#527=VECTOR('',#1970,10.);
#528=VECTOR('',#1971,10.);
#529=VECTOR('',#1972,10.);
#530=VECTOR('',#1973,10.);
#531=VECTOR('',#1974,10.);
#532=VECTOR('',#1975,10.);
#533=VECTOR('',#1976,10.);
#534=VECTOR('',#1977,10.);
#535=VECTOR('',#1978,10.);
#536=VECTOR('',#1979,10.);
#537=VECTOR('',#1980,10.);
#538=VECTOR('',#1981,10.);
#539=VECTOR('',#1982,10.);
#540=VECTOR('',#1985,10.);
#541=VECTOR('',#1986,10.);
#542=VECTOR('',#1987,10.);
#543=VECTOR('',#1988,10.);
#544=VECTOR('',#1989,10.);
#545=VECTOR('',#1990,10.);
#546=VECTOR('',#1991,10.);
#547=VECTOR('',#1992,10.);
#548=VECTOR('',#1993,10.);
#549=VECTOR('',#1994,10.);
#550=VECTOR('',#1995,10.);
#551=VECTOR('',#1996,10.);
#552=VECTOR('',#1997,10.);
#553=VECTOR('',#2000,10.);
#554=VECTOR('',#2001,10.);
#555=VECTOR('',#2002,10.);
#556=VECTOR('',#2003,10.);
#557=VECTOR('',#2006,10.);
#558=VECTOR('',#2007,10.);
#559=VECTOR('',#2008,10.);
#560=VECTOR('',#2011,10.);
#561=VECTOR('',#2012,10.);
#562=VECTOR('',#2013,10.);
#563=VECTOR('',#2016,10.);
#564=VECTOR('',#2017,10.);
#565=VECTOR('',#2018,10.);
#566=VECTOR('',#2021,10.);
#567=VECTOR('',#2024,10.);
#568=VECTOR('',#2025,10.);
#569=VECTOR('',#2026,10.);
#570=VECTOR('',#2029,10.);
#571=VECTOR('',#2030,10.);
#572=VECTOR('',#2035,10.);
#573=VECTOR('',#2036,10.);
#574=VECTOR('',#2037,10.);
#575=VECTOR('',#2038,10.);
#576=VECTOR('',#2041,10.);
#577=VECTOR('',#2042,10.);
#578=VECTOR('',#2043,10.);
#579=VECTOR('',#2046,10.);
#580=VECTOR('',#2047,10.);
#581=VECTOR('',#2048,10.);
#582=VECTOR('',#2051,10.);
#583=VECTOR('',#2052,10.);
#584=VECTOR('',#2053,10.);
#585=VECTOR('',#2056,10.);
#586=VECTOR('',#2059,10.);
#587=VECTOR('',#2060,10.);
#588=VECTOR('',#2061,10.);
#589=VECTOR('',#2064,10.);
#590=VECTOR('',#2065,10.);
#591=VECTOR('',#2070,10.);
#592=VECTOR('',#2071,10.);
#593=VECTOR('',#2072,10.);
#594=VECTOR('',#2075,10.);
#595=VECTOR('',#2076,10.);
#596=VECTOR('',#2079,10.);
#597=VECTOR('',#2080,10.);
#598=VECTOR('',#2083,10.);
#599=VECTOR('',#2084,10.);
#600=VECTOR('',#2085,10.);
#601=VECTOR('',#2088,10.);
#602=VECTOR('',#2091,10.);
#603=VECTOR('',#2092,10.);
#604=VECTOR('',#2093,10.);
#605=VECTOR('',#2096,10.);
#606=VECTOR('',#2097,10.);
#607=VECTOR('',#2102,10.);
#608=VECTOR('',#2103,10.);
#609=VECTOR('',#2104,10.);
#610=VECTOR('',#2105,10.);
#611=VECTOR('',#2106,10.);
#612=VECTOR('',#2107,10.);
#613=VECTOR('',#2108,10.);
#614=VECTOR('',#2109,10.);
#615=VECTOR('',#2110,10.);
#616=VECTOR('',#2111,10.);
#617=VECTOR('',#2114,10.);
#618=VECTOR('',#2115,10.);
#619=VECTOR('',#2116,10.);
#620=VECTOR('',#2117,10.);
#621=VECTOR('',#2118,10.);
#622=VECTOR('',#2119,10.);
#623=VECTOR('',#2120,10.);
#624=VECTOR('',#2121,10.);
#625=VECTOR('',#2122,10.);
#626=VECTOR('',#2123,10.);
#627=VECTOR('',#2126,10.);
#628=VECTOR('',#2127,10.);
#629=VECTOR('',#2128,10.);
#630=VECTOR('',#2129,10.);
#631=VECTOR('',#2130,10.);
#632=VECTOR('',#2131,10.);
#633=VECTOR('',#2132,10.);
#634=VECTOR('',#2133,10.);
#635=VECTOR('',#2134,10.);
#636=VECTOR('',#2135,10.);
#637=VECTOR('',#2138,10.);
#638=VECTOR('',#2139,10.);
#639=VECTOR('',#2142,10.);
#640=VECTOR('',#2143,10.);
#641=VECTOR('',#2150,10.);
#642=VECTOR('',#2151,10.);
#643=VECTOR('',#2154,10.);
#644=VECTOR('',#2155,10.);
#645=VECTOR('',#2162,10.);
#646=VECTOR('',#2163,10.);
#647=VECTOR('',#2166,10.);
#648=VECTOR('',#2167,10.);
#649=VECTOR('',#2174,10.);
#650=VECTOR('',#2177,10.);
#651=VECTOR('',#2180,10.);
#652=VECTOR('',#2183,10.);
#653=VECTOR('',#2186,10.);
#654=VECTOR('',#2189,10.);
#655=VECTOR('',#2192,10.);
#656=VECTOR('',#2193,10.);
#657=VECTOR('',#2194,10.);
#658=VECTOR('',#2197,10.);
#659=VECTOR('',#2198,10.);
#660=VECTOR('',#2201,10.);
#661=VECTOR('',#2202,10.);
#662=VECTOR('',#2205,10.);
#663=VERTEX_POINT('',#2210);
#664=VERTEX_POINT('',#2211);
#665=VERTEX_POINT('',#2213);
#666=VERTEX_POINT('',#2215);
#667=VERTEX_POINT('',#2219);
#668=VERTEX_POINT('',#2220);
#669=VERTEX_POINT('',#2222);
#670=VERTEX_POINT('',#2224);
#671=VERTEX_POINT('',#2228);
#672=VERTEX_POINT('',#2229);
#673=VERTEX_POINT('',#2231);
#674=VERTEX_POINT('',#2233);
#675=VERTEX_POINT('',#2237);
#676=VERTEX_POINT('',#2239);
#677=VERTEX_POINT('',#2243);
#678=VERTEX_POINT('',#2245);
#679=VERTEX_POINT('',#2247);
#680=VERTEX_POINT('',#2249);
#681=VERTEX_POINT('',#2251);
#682=VERTEX_POINT('',#2253);
#683=VERTEX_POINT('',#2257);
#684=VERTEX_POINT('',#2259);
#685=VERTEX_POINT('',#2261);
#686=VERTEX_POINT('',#2263);
#687=VERTEX_POINT('',#2265);
#688=VERTEX_POINT('',#2267);
#689=VERTEX_POINT('',#2271);
#690=VERTEX_POINT('',#2272);
#691=VERTEX_POINT('',#2274);
#692=VERTEX_POINT('',#2276);
#693=VERTEX_POINT('',#2278);
#694=VERTEX_POINT('',#2280);
#695=VERTEX_POINT('',#2282);
#696=VERTEX_POINT('',#2284);
#697=VERTEX_POINT('',#2288);
#698=VERTEX_POINT('',#2289);
#699=VERTEX_POINT('',#2296);
#700=VERTEX_POINT('',#2297);
#701=VERTEX_POINT('',#2304);
#702=VERTEX_POINT('',#2305);
#703=VERTEX_POINT('',#2310);
#704=VERTEX_POINT('',#2314);
#705=VERTEX_POINT('',#2318);
#706=VERTEX_POINT('',#2322);
#707=VERTEX_POINT('',#2326);
#708=VERTEX_POINT('',#2330);
#709=VERTEX_POINT('',#2334);
#710=VERTEX_POINT('',#2336);
#711=VERTEX_POINT('',#2340);
#712=VERTEX_POINT('',#2344);
#713=VERTEX_POINT('',#2348);
#714=VERTEX_POINT('',#2350);
#715=VERTEX_POINT('',#2354);
#716=VERTEX_POINT('',#2358);
#717=VERTEX_POINT('',#2362);
#718=VERTEX_POINT('',#2366);
#719=VERTEX_POINT('',#2370);
#720=VERTEX_POINT('',#2372);
#721=VERTEX_POINT('',#2374);
#722=VERTEX_POINT('',#2376);
#723=VERTEX_POINT('',#2378);
#724=VERTEX_POINT('',#2380);
#725=VERTEX_POINT('',#2382);
#726=VERTEX_POINT('',#2384);
#727=VERTEX_POINT('',#2386);
#728=VERTEX_POINT('',#2388);
#729=VERTEX_POINT('',#2390);
#730=VERTEX_POINT('',#2392);
#731=VERTEX_POINT('',#2396);
#732=VERTEX_POINT('',#2398);
#733=VERTEX_POINT('',#2400);
#734=VERTEX_POINT('',#2402);
#735=VERTEX_POINT('',#2404);
#736=VERTEX_POINT('',#2406);
#737=VERTEX_POINT('',#2408);
#738=VERTEX_POINT('',#2410);
#739=VERTEX_POINT('',#2412);
#740=VERTEX_POINT('',#2414);
#741=VERTEX_POINT('',#2416);
#742=VERTEX_POINT('',#2418);
#743=VERTEX_POINT('',#2422);
#744=VERTEX_POINT('',#2424);
#745=VERTEX_POINT('',#2426);
#746=VERTEX_POINT('',#2428);
#747=VERTEX_POINT('',#2430);
#748=VERTEX_POINT('',#2432);
#749=VERTEX_POINT('',#2434);
#750=VERTEX_POINT('',#2436);
#751=VERTEX_POINT('',#2438);
#752=VERTEX_POINT('',#2440);
#753=VERTEX_POINT('',#2442);
#754=VERTEX_POINT('',#2444);
#755=VERTEX_POINT('',#2448);
#756=VERTEX_POINT('',#2450);
#757=VERTEX_POINT('',#2452);
#758=VERTEX_POINT('',#2454);
#759=VERTEX_POINT('',#2456);
#760=VERTEX_POINT('',#2458);
#761=VERTEX_POINT('',#2460);
#762=VERTEX_POINT('',#2462);
#763=VERTEX_POINT('',#2464);
#764=VERTEX_POINT('',#2466);
#765=VERTEX_POINT('',#2468);
#766=VERTEX_POINT('',#2470);
#767=VERTEX_POINT('',#2474);
#768=VERTEX_POINT('',#2475);
#769=VERTEX_POINT('',#2477);
#770=VERTEX_POINT('',#2479);
#771=VERTEX_POINT('',#2483);
#772=VERTEX_POINT('',#2485);
#773=VERTEX_POINT('',#2489);
#774=VERTEX_POINT('',#2491);
#775=VERTEX_POINT('',#2495);
#776=VERTEX_POINT('',#2497);
#777=VERTEX_POINT('',#2503);
#778=VERTEX_POINT('',#2505);
#779=VERTEX_POINT('',#2513);
#780=VERTEX_POINT('',#2514);
#781=VERTEX_POINT('',#2516);
#782=VERTEX_POINT('',#2518);
#783=VERTEX_POINT('',#2522);
#784=VERTEX_POINT('',#2524);
#785=VERTEX_POINT('',#2528);
#786=VERTEX_POINT('',#2530);
#787=VERTEX_POINT('',#2534);
#788=VERTEX_POINT('',#2536);
#789=VERTEX_POINT('',#2542);
#790=VERTEX_POINT('',#2544);
#791=VERTEX_POINT('',#2552);
#792=VERTEX_POINT('',#2554);
#793=VERTEX_POINT('',#2558);
#794=VERTEX_POINT('',#2562);
#795=VERTEX_POINT('',#2566);
#796=VERTEX_POINT('',#2568);
#797=VERTEX_POINT('',#2574);
#798=VERTEX_POINT('',#2576);
#799=VERTEX_POINT('',#2584);
#800=VERTEX_POINT('',#2586);
#801=VERTEX_POINT('',#2588);
#802=VERTEX_POINT('',#2590);
#803=VERTEX_POINT('',#2593);
#804=VERTEX_POINT('',#2595);
#805=VERTEX_POINT('',#2597);
#806=VERTEX_POINT('',#2599);
#807=VERTEX_POINT('',#2603);
#808=VERTEX_POINT('',#2605);
#809=VERTEX_POINT('',#2607);
#810=VERTEX_POINT('',#2609);
#811=VERTEX_POINT('',#2612);
#812=VERTEX_POINT('',#2614);
#813=VERTEX_POINT('',#2616);
#814=VERTEX_POINT('',#2618);
#815=VERTEX_POINT('',#2622);
#816=VERTEX_POINT('',#2623);
#817=VERTEX_POINT('',#2625);
#818=VERTEX_POINT('',#2627);
#819=VERTEX_POINT('',#2673);
#820=VERTEX_POINT('',#2674);
#821=VERTEX_POINT('',#2679);
#822=VERTEX_POINT('',#2683);
#823=EDGE_CURVE('',#663,#664,#183,.T.);
#824=EDGE_CURVE('',#663,#665,#184,.T.);
#825=EDGE_CURVE('',#666,#665,#185,.T.);
#826=EDGE_CURVE('',#664,#666,#186,.T.);
#827=EDGE_CURVE('',#667,#668,#187,.T.);
#828=EDGE_CURVE('',#667,#669,#188,.T.);
#829=EDGE_CURVE('',#670,#669,#189,.T.);
#830=EDGE_CURVE('',#668,#670,#190,.T.);
#831=EDGE_CURVE('',#671,#672,#191,.T.);
#832=EDGE_CURVE('',#673,#671,#192,.T.);
#833=EDGE_CURVE('',#673,#674,#193,.T.);
#834=EDGE_CURVE('',#674,#672,#194,.T.);
#835=EDGE_CURVE('',#672,#675,#195,.T.);
#836=EDGE_CURVE('',#676,#674,#196,.T.);
#837=EDGE_CURVE('',#675,#676,#197,.T.);
#838=EDGE_CURVE('',#677,#667,#198,.T.);
#839=EDGE_CURVE('',#678,#677,#199,.T.);
#840=EDGE_CURVE('',#679,#678,#200,.T.);
#841=EDGE_CURVE('',#680,#679,#201,.T.);
#842=EDGE_CURVE('',#681,#680,#202,.T.);
#843=EDGE_CURVE('',#682,#681,#203,.T.);
#844=EDGE_CURVE('',#669,#682,#204,.T.);
#845=EDGE_CURVE('',#683,#663,#205,.T.);
#846=EDGE_CURVE('',#684,#683,#206,.T.);
#847=EDGE_CURVE('',#685,#684,#207,.T.);
#848=EDGE_CURVE('',#686,#685,#208,.T.);
#849=EDGE_CURVE('',#687,#686,#209,.T.);
#850=EDGE_CURVE('',#688,#687,#210,.T.);
#851=EDGE_CURVE('',#665,#688,#211,.T.);
#852=EDGE_CURVE('',#689,#690,#212,.T.);
#853=EDGE_CURVE('',#691,#689,#213,.T.);
#854=EDGE_CURVE('',#692,#691,#214,.T.);
#855=EDGE_CURVE('',#693,#692,#215,.T.);
#856=EDGE_CURVE('',#694,#693,#216,.T.);
#857=EDGE_CURVE('',#695,#694,#217,.T.);
#858=EDGE_CURVE('',#696,#695,#218,.T.);
#859=EDGE_CURVE('',#690,#696,#219,.T.);
#860=EDGE_CURVE('',#697,#698,#220,.T.);
#861=EDGE_CURVE('',#697,#682,#221,.T.);
#862=EDGE_CURVE('',#698,#681,#222,.T.);
#863=EDGE_CURVE('',#670,#697,#223,.T.);
#864=EDGE_CURVE('',#699,#700,#224,.T.);
#865=EDGE_CURVE('',#699,#688,#225,.T.);
#866=EDGE_CURVE('',#700,#687,#226,.T.);
#867=EDGE_CURVE('',#666,#699,#227,.T.);
#868=EDGE_CURVE('',#701,#702,#228,.T.);
#869=EDGE_CURVE('',#701,#691,#229,.T.);
#870=EDGE_CURVE('',#702,#689,#230,.T.);
#871=EDGE_CURVE('',#703,#701,#231,.T.);
#872=EDGE_CURVE('',#703,#692,#232,.T.);
#873=EDGE_CURVE('',#704,#703,#233,.T.);
#874=EDGE_CURVE('',#704,#693,#234,.T.);
#875=EDGE_CURVE('',#705,#704,#235,.T.);
#876=EDGE_CURVE('',#705,#694,#236,.T.);
#877=EDGE_CURVE('',#706,#705,#237,.T.);
#878=EDGE_CURVE('',#706,#695,#238,.T.);
#879=EDGE_CURVE('',#707,#706,#239,.T.);
#880=EDGE_CURVE('',#707,#696,#240,.T.);
#881=EDGE_CURVE('',#708,#707,#241,.T.);
#882=EDGE_CURVE('',#690,#708,#242,.T.);
#883=EDGE_CURVE('',#709,#683,#243,.T.);
#884=EDGE_CURVE('',#710,#709,#244,.T.);
#885=EDGE_CURVE('',#710,#684,#245,.T.);
#886=EDGE_CURVE('',#711,#710,#246,.T.);
#887=EDGE_CURVE('',#711,#685,#247,.T.);
#888=EDGE_CURVE('',#712,#711,#248,.T.);
#889=EDGE_CURVE('',#686,#712,#249,.T.);
#890=EDGE_CURVE('',#713,#677,#250,.T.);
#891=EDGE_CURVE('',#714,#713,#251,.T.);
#892=EDGE_CURVE('',#714,#678,#252,.T.);
#893=EDGE_CURVE('',#715,#714,#253,.T.);
#894=EDGE_CURVE('',#715,#679,#254,.T.);
#895=EDGE_CURVE('',#716,#715,#255,.T.);
#896=EDGE_CURVE('',#680,#716,#256,.T.);
#897=EDGE_CURVE('',#717,#673,#257,.T.);
#898=EDGE_CURVE('',#717,#676,#258,.T.);
#899=EDGE_CURVE('',#675,#718,#259,.T.);
#900=EDGE_CURVE('',#718,#717,#260,.T.);
#901=EDGE_CURVE('',#708,#719,#261,.T.);
#902=EDGE_CURVE('',#719,#720,#262,.T.);
#903=EDGE_CURVE('',#720,#721,#263,.T.);
#904=EDGE_CURVE('',#722,#721,#264,.T.);
#905=EDGE_CURVE('',#723,#722,#265,.T.);
#906=EDGE_CURVE('',#723,#724,#266,.T.);
#907=EDGE_CURVE('',#724,#725,#267,.T.);
#908=EDGE_CURVE('',#725,#726,#268,.T.);
#909=EDGE_CURVE('',#727,#726,#269,.T.);
#910=EDGE_CURVE('',#727,#728,#270,.T.);
#911=EDGE_CURVE('',#728,#729,#271,.T.);
#912=EDGE_CURVE('',#730,#729,#272,.T.);
#913=EDGE_CURVE('',#730,#702,#273,.T.);
#914=EDGE_CURVE('',#712,#731,#274,.T.);
#915=EDGE_CURVE('',#731,#732,#275,.T.);
#916=EDGE_CURVE('',#732,#733,#276,.T.);
#917=EDGE_CURVE('',#734,#733,#277,.T.);
#918=EDGE_CURVE('',#735,#734,#278,.T.);
#919=EDGE_CURVE('',#735,#736,#279,.T.);
#920=EDGE_CURVE('',#736,#737,#280,.T.);
#921=EDGE_CURVE('',#737,#738,#281,.T.);
#922=EDGE_CURVE('',#739,#738,#282,.T.);
#923=EDGE_CURVE('',#739,#740,#283,.T.);
#924=EDGE_CURVE('',#740,#741,#284,.T.);
#925=EDGE_CURVE('',#742,#741,#285,.T.);
#926=EDGE_CURVE('',#742,#700,#286,.T.);
#927=EDGE_CURVE('',#716,#743,#287,.T.);
#928=EDGE_CURVE('',#743,#744,#288,.T.);
#929=EDGE_CURVE('',#744,#745,#289,.T.);
#930=EDGE_CURVE('',#746,#745,#290,.T.);
#931=EDGE_CURVE('',#747,#746,#291,.T.);
#932=EDGE_CURVE('',#747,#748,#292,.T.);
#933=EDGE_CURVE('',#748,#749,#293,.T.);
#934=EDGE_CURVE('',#749,#750,#294,.T.);
#935=EDGE_CURVE('',#751,#750,#295,.T.);
#936=EDGE_CURVE('',#751,#752,#296,.T.);
#937=EDGE_CURVE('',#752,#753,#297,.T.);
#938=EDGE_CURVE('',#754,#753,#298,.T.);
#939=EDGE_CURVE('',#754,#698,#299,.T.);
#940=EDGE_CURVE('',#718,#755,#300,.T.);
#941=EDGE_CURVE('',#755,#756,#301,.T.);
#942=EDGE_CURVE('',#756,#757,#302,.T.);
#943=EDGE_CURVE('',#758,#757,#303,.T.);
#944=EDGE_CURVE('',#759,#758,#304,.T.);
#945=EDGE_CURVE('',#759,#760,#305,.T.);
#946=EDGE_CURVE('',#760,#761,#306,.T.);
#947=EDGE_CURVE('',#761,#762,#307,.T.);
#948=EDGE_CURVE('',#763,#762,#308,.T.);
#949=EDGE_CURVE('',#763,#764,#309,.T.);
#950=EDGE_CURVE('',#764,#765,#310,.T.);
#951=EDGE_CURVE('',#766,#765,#311,.T.);
#952=EDGE_CURVE('',#766,#671,#312,.T.);
#953=EDGE_CURVE('',#767,#768,#313,.T.);
#954=EDGE_CURVE('',#769,#767,#314,.T.);
#955=EDGE_CURVE('',#769,#770,#315,.T.);
#956=EDGE_CURVE('',#770,#768,#316,.T.);
#957=EDGE_CURVE('',#768,#771,#317,.T.);
#958=EDGE_CURVE('',#772,#770,#318,.T.);
#959=EDGE_CURVE('',#771,#772,#319,.T.);
#960=EDGE_CURVE('',#771,#773,#320,.T.);
#961=EDGE_CURVE('',#774,#772,#321,.T.);
#962=EDGE_CURVE('',#773,#774,#322,.T.);
#963=EDGE_CURVE('',#725,#775,#323,.T.);
#964=EDGE_CURVE('',#776,#775,#324,.T.);
#965=EDGE_CURVE('',#726,#776,#325,.T.);
#966=EDGE_CURVE('',#774,#769,#326,.T.);
#967=EDGE_CURVE('',#777,#723,#327,.T.);
#968=EDGE_CURVE('',#777,#778,#328,.T.);
#969=EDGE_CURVE('',#778,#724,#329,.T.);
#970=EDGE_CURVE('',#776,#777,#330,.T.);
#971=EDGE_CURVE('',#775,#778,#331,.T.);
#972=EDGE_CURVE('',#779,#780,#332,.T.);
#973=EDGE_CURVE('',#781,#779,#333,.T.);
#974=EDGE_CURVE('',#781,#782,#334,.T.);
#975=EDGE_CURVE('',#782,#780,#335,.T.);
#976=EDGE_CURVE('',#780,#783,#336,.T.);
#977=EDGE_CURVE('',#784,#782,#337,.T.);
#978=EDGE_CURVE('',#783,#784,#338,.T.);
#979=EDGE_CURVE('',#783,#785,#339,.T.);
#980=EDGE_CURVE('',#786,#784,#340,.T.);
#981=EDGE_CURVE('',#785,#786,#341,.T.);
#982=EDGE_CURVE('',#737,#787,#342,.T.);
#983=EDGE_CURVE('',#788,#787,#343,.T.);
#984=EDGE_CURVE('',#738,#788,#344,.T.);
#985=EDGE_CURVE('',#786,#781,#345,.T.);
#986=EDGE_CURVE('',#789,#735,#346,.T.);
#987=EDGE_CURVE('',#789,#790,#347,.T.);
#988=EDGE_CURVE('',#790,#736,#348,.T.);
#989=EDGE_CURVE('',#788,#789,#349,.T.);
#990=EDGE_CURVE('',#787,#790,#350,.T.);
#991=EDGE_CURVE('',#791,#759,#351,.T.);
#992=EDGE_CURVE('',#791,#792,#352,.T.);
#993=EDGE_CURVE('',#792,#760,#353,.T.);
#994=EDGE_CURVE('',#793,#792,#354,.T.);
#995=EDGE_CURVE('',#761,#793,#355,.T.);
#996=EDGE_CURVE('',#794,#793,#356,.T.);
#997=EDGE_CURVE('',#762,#794,#357,.T.);
#998=EDGE_CURVE('',#749,#795,#358,.T.);
#999=EDGE_CURVE('',#796,#795,#359,.T.);
#1000=EDGE_CURVE('',#750,#796,#360,.T.);
#1001=EDGE_CURVE('',#794,#791,#361,.T.);
#1002=EDGE_CURVE('',#797,#747,#362,.T.);
#1003=EDGE_CURVE('',#797,#798,#363,.T.);
#1004=EDGE_CURVE('',#798,#748,#364,.T.);
#1005=EDGE_CURVE('',#796,#797,#365,.T.);
#1006=EDGE_CURVE('',#795,#798,#366,.T.);
#1007=EDGE_CURVE('',#664,#799,#367,.T.);
#1008=EDGE_CURVE('',#799,#800,#368,.T.);
#1009=EDGE_CURVE('',#800,#801,#369,.T.);
#1010=EDGE_CURVE('',#802,#801,#370,.T.);
#1011=EDGE_CURVE('',#767,#802,#371,.T.);
#1012=EDGE_CURVE('',#803,#773,#372,.T.);
#1013=EDGE_CURVE('',#803,#804,#373,.T.);
#1014=EDGE_CURVE('',#804,#805,#374,.T.);
#1015=EDGE_CURVE('',#806,#805,#375,.T.);
#1016=EDGE_CURVE('',#806,#709,#376,.T.);
#1017=EDGE_CURVE('',#668,#807,#377,.T.);
#1018=EDGE_CURVE('',#807,#808,#378,.T.);
#1019=EDGE_CURVE('',#808,#809,#379,.T.);
#1020=EDGE_CURVE('',#810,#809,#380,.T.);
#1021=EDGE_CURVE('',#779,#810,#381,.T.);
#1022=EDGE_CURVE('',#811,#785,#382,.T.);
#1023=EDGE_CURVE('',#811,#812,#383,.T.);
#1024=EDGE_CURVE('',#812,#813,#384,.T.);
#1025=EDGE_CURVE('',#814,#813,#385,.T.);
#1026=EDGE_CURVE('',#814,#713,#386,.T.);
#1027=EDGE_CURVE('',#815,#816,#387,.T.);
#1028=EDGE_CURVE('',#816,#817,#388,.T.);
#1029=EDGE_CURVE('',#817,#818,#389,.T.);
#1030=EDGE_CURVE('',#818,#815,#390,.T.);
#1031=EDGE_CURVE('',#746,#763,#391,.T.);
#1032=EDGE_CURVE('',#758,#751,#392,.T.);
#1033=EDGE_CURVE('',#734,#811,#393,.T.);
#1034=EDGE_CURVE('',#810,#739,#394,.T.);
#1035=EDGE_CURVE('',#722,#803,#395,.T.);
#1036=EDGE_CURVE('',#802,#727,#396,.T.);
#1037=EDGE_CURVE('',#729,#800,#397,.T.);
#1038=EDGE_CURVE('',#801,#728,#398,.T.);
#1039=EDGE_CURVE('',#805,#720,#399,.T.);
#1040=EDGE_CURVE('',#721,#804,#400,.T.);
#1041=EDGE_CURVE('',#741,#808,#401,.T.);
#1042=EDGE_CURVE('',#809,#740,#402,.T.);
#1043=EDGE_CURVE('',#813,#732,#403,.T.);
#1044=EDGE_CURVE('',#733,#812,#404,.T.);
#1045=EDGE_CURVE('',#753,#756,#405,.T.);
#1046=EDGE_CURVE('',#757,#752,#406,.T.);
#1047=EDGE_CURVE('',#765,#744,#407,.T.);
#1048=EDGE_CURVE('',#745,#764,#408,.T.);
#1049=EDGE_CURVE('',#719,#806,#409,.T.);
#1050=EDGE_CURVE('',#731,#814,#410,.T.);
#1051=EDGE_CURVE('',#743,#766,#411,.T.);
#1052=EDGE_CURVE('',#755,#754,#412,.T.);
#1053=EDGE_CURVE('',#807,#742,#413,.T.);
#1054=EDGE_CURVE('',#799,#730,#414,.T.);
#1055=EDGE_CURVE('',#819,#820,#415,.T.);
#1056=EDGE_CURVE('',#820,#815,#416,.T.);
#1057=EDGE_CURVE('',#819,#818,#417,.T.);
#1058=EDGE_CURVE('',#821,#819,#418,.T.);
#1059=EDGE_CURVE('',#821,#817,#419,.T.);
#1060=EDGE_CURVE('',#822,#821,#420,.T.);
#1061=EDGE_CURVE('',#822,#816,#421,.T.);
#1062=EDGE_CURVE('',#820,#822,#422,.T.);
#1063=ORIENTED_EDGE('',*,*,#823,.F.);
#1064=ORIENTED_EDGE('',*,*,#824,.T.);
#1065=ORIENTED_EDGE('',*,*,#825,.F.);
#1066=ORIENTED_EDGE('',*,*,#826,.F.);
#1067=ORIENTED_EDGE('',*,*,#827,.F.);
#1068=ORIENTED_EDGE('',*,*,#828,.T.);
#1069=ORIENTED_EDGE('',*,*,#829,.F.);
#1070=ORIENTED_EDGE('',*,*,#830,.F.);
#1071=ORIENTED_EDGE('',*,*,#831,.F.);
#1072=ORIENTED_EDGE('',*,*,#832,.F.);
#1073=ORIENTED_EDGE('',*,*,#833,.T.);
#1074=ORIENTED_EDGE('',*,*,#834,.T.);
#1075=ORIENTED_EDGE('',*,*,#835,.F.);
#1076=ORIENTED_EDGE('',*,*,#834,.F.);
#1077=ORIENTED_EDGE('',*,*,#836,.F.);
#1078=ORIENTED_EDGE('',*,*,#837,.F.);
#1079=ORIENTED_EDGE('',*,*,#838,.F.);
#1080=ORIENTED_EDGE('',*,*,#839,.F.);
#1081=ORIENTED_EDGE('',*,*,#840,.F.);
#1082=ORIENTED_EDGE('',*,*,#841,.F.);
#1083=ORIENTED_EDGE('',*,*,#842,.F.);
#1084=ORIENTED_EDGE('',*,*,#843,.F.);
#1085=ORIENTED_EDGE('',*,*,#844,.F.);
#1086=ORIENTED_EDGE('',*,*,#828,.F.);
#1087=ORIENTED_EDGE('',*,*,#845,.F.);
#1088=ORIENTED_EDGE('',*,*,#846,.F.);
#1089=ORIENTED_EDGE('',*,*,#847,.F.);
#1090=ORIENTED_EDGE('',*,*,#848,.F.);
#1091=ORIENTED_EDGE('',*,*,#849,.F.);
#1092=ORIENTED_EDGE('',*,*,#850,.F.);
#1093=ORIENTED_EDGE('',*,*,#851,.F.);
#1094=ORIENTED_EDGE('',*,*,#824,.F.);
#1095=ORIENTED_EDGE('',*,*,#852,.F.);
#1096=ORIENTED_EDGE('',*,*,#853,.F.);
#1097=ORIENTED_EDGE('',*,*,#854,.F.);
#1098=ORIENTED_EDGE('',*,*,#855,.F.);
#1099=ORIENTED_EDGE('',*,*,#856,.F.);
#1100=ORIENTED_EDGE('',*,*,#857,.F.);
#1101=ORIENTED_EDGE('',*,*,#858,.F.);
#1102=ORIENTED_EDGE('',*,*,#859,.F.);
#1103=ORIENTED_EDGE('',*,*,#860,.F.);
#1104=ORIENTED_EDGE('',*,*,#861,.T.);
#1105=ORIENTED_EDGE('',*,*,#843,.T.);
#1106=ORIENTED_EDGE('',*,*,#862,.F.);
#1107=ORIENTED_EDGE('',*,*,#863,.F.);
#1108=ORIENTED_EDGE('',*,*,#829,.T.);
#1109=ORIENTED_EDGE('',*,*,#844,.T.);
#1110=ORIENTED_EDGE('',*,*,#861,.F.);
#1111=ORIENTED_EDGE('',*,*,#864,.F.);
#1112=ORIENTED_EDGE('',*,*,#865,.T.);
#1113=ORIENTED_EDGE('',*,*,#850,.T.);
#1114=ORIENTED_EDGE('',*,*,#866,.F.);
#1115=ORIENTED_EDGE('',*,*,#867,.F.);
#1116=ORIENTED_EDGE('',*,*,#825,.T.);
#1117=ORIENTED_EDGE('',*,*,#851,.T.);
#1118=ORIENTED_EDGE('',*,*,#865,.F.);
#1119=ORIENTED_EDGE('',*,*,#868,.F.);
#1120=ORIENTED_EDGE('',*,*,#869,.T.);
#1121=ORIENTED_EDGE('',*,*,#853,.T.);
#1122=ORIENTED_EDGE('',*,*,#870,.F.);
#1123=ORIENTED_EDGE('',*,*,#871,.F.);
#1124=ORIENTED_EDGE('',*,*,#872,.T.);
#1125=ORIENTED_EDGE('',*,*,#854,.T.);
#1126=ORIENTED_EDGE('',*,*,#869,.F.);
#1127=ORIENTED_EDGE('',*,*,#873,.F.);
#1128=ORIENTED_EDGE('',*,*,#874,.T.);
#1129=ORIENTED_EDGE('',*,*,#855,.T.);
#1130=ORIENTED_EDGE('',*,*,#872,.F.);
#1131=ORIENTED_EDGE('',*,*,#875,.F.);
#1132=ORIENTED_EDGE('',*,*,#876,.T.);
#1133=ORIENTED_EDGE('',*,*,#856,.T.);
#1134=ORIENTED_EDGE('',*,*,#874,.F.);
#1135=ORIENTED_EDGE('',*,*,#877,.F.);
#1136=ORIENTED_EDGE('',*,*,#878,.T.);
#1137=ORIENTED_EDGE('',*,*,#857,.T.);
#1138=ORIENTED_EDGE('',*,*,#876,.F.);
#1139=ORIENTED_EDGE('',*,*,#879,.F.);
#1140=ORIENTED_EDGE('',*,*,#880,.T.);
#1141=ORIENTED_EDGE('',*,*,#858,.T.);
#1142=ORIENTED_EDGE('',*,*,#878,.F.);
#1143=ORIENTED_EDGE('',*,*,#881,.F.);
#1144=ORIENTED_EDGE('',*,*,#882,.F.);
#1145=ORIENTED_EDGE('',*,*,#859,.T.);
#1146=ORIENTED_EDGE('',*,*,#880,.F.);
#1147=ORIENTED_EDGE('',*,*,#883,.F.);
#1148=ORIENTED_EDGE('',*,*,#884,.F.);
#1149=ORIENTED_EDGE('',*,*,#885,.T.);
#1150=ORIENTED_EDGE('',*,*,#846,.T.);
#1151=ORIENTED_EDGE('',*,*,#886,.F.);
#1152=ORIENTED_EDGE('',*,*,#887,.T.);
#1153=ORIENTED_EDGE('',*,*,#847,.T.);
#1154=ORIENTED_EDGE('',*,*,#885,.F.);
#1155=ORIENTED_EDGE('',*,*,#888,.F.);
#1156=ORIENTED_EDGE('',*,*,#889,.F.);
#1157=ORIENTED_EDGE('',*,*,#848,.T.);
#1158=ORIENTED_EDGE('',*,*,#887,.F.);
#1159=ORIENTED_EDGE('',*,*,#890,.F.);
#1160=ORIENTED_EDGE('',*,*,#891,.F.);
#1161=ORIENTED_EDGE('',*,*,#892,.T.);
#1162=ORIENTED_EDGE('',*,*,#839,.T.);
#1163=ORIENTED_EDGE('',*,*,#893,.F.);
#1164=ORIENTED_EDGE('',*,*,#894,.T.);
#1165=ORIENTED_EDGE('',*,*,#840,.T.);
#1166=ORIENTED_EDGE('',*,*,#892,.F.);
#1167=ORIENTED_EDGE('',*,*,#895,.F.);
#1168=ORIENTED_EDGE('',*,*,#896,.F.);
#1169=ORIENTED_EDGE('',*,*,#841,.T.);
#1170=ORIENTED_EDGE('',*,*,#894,.F.);
#1171=ORIENTED_EDGE('',*,*,#897,.F.);
#1172=ORIENTED_EDGE('',*,*,#898,.T.);
#1173=ORIENTED_EDGE('',*,*,#836,.T.);
#1174=ORIENTED_EDGE('',*,*,#833,.F.);
#1175=ORIENTED_EDGE('',*,*,#899,.F.);
#1176=ORIENTED_EDGE('',*,*,#837,.T.);
#1177=ORIENTED_EDGE('',*,*,#898,.F.);
#1178=ORIENTED_EDGE('',*,*,#900,.F.);
#1179=ORIENTED_EDGE('',*,*,#870,.T.);
#1180=ORIENTED_EDGE('',*,*,#852,.T.);
#1181=ORIENTED_EDGE('',*,*,#882,.T.);
#1182=ORIENTED_EDGE('',*,*,#901,.T.);
#1183=ORIENTED_EDGE('',*,*,#902,.T.);
#1184=ORIENTED_EDGE('',*,*,#903,.T.);
#1185=ORIENTED_EDGE('',*,*,#904,.F.);
#1186=ORIENTED_EDGE('',*,*,#905,.F.);
#1187=ORIENTED_EDGE('',*,*,#906,.T.);
#1188=ORIENTED_EDGE('',*,*,#907,.T.);
#1189=ORIENTED_EDGE('',*,*,#908,.T.);
#1190=ORIENTED_EDGE('',*,*,#909,.F.);
#1191=ORIENTED_EDGE('',*,*,#910,.T.);
#1192=ORIENTED_EDGE('',*,*,#911,.T.);
#1193=ORIENTED_EDGE('',*,*,#912,.F.);
#1194=ORIENTED_EDGE('',*,*,#913,.T.);
#1195=ORIENTED_EDGE('',*,*,#866,.T.);
#1196=ORIENTED_EDGE('',*,*,#849,.T.);
#1197=ORIENTED_EDGE('',*,*,#889,.T.);
#1198=ORIENTED_EDGE('',*,*,#914,.T.);
#1199=ORIENTED_EDGE('',*,*,#915,.T.);
#1200=ORIENTED_EDGE('',*,*,#916,.T.);
#1201=ORIENTED_EDGE('',*,*,#917,.F.);
#1202=ORIENTED_EDGE('',*,*,#918,.F.);
#1203=ORIENTED_EDGE('',*,*,#919,.T.);
#1204=ORIENTED_EDGE('',*,*,#920,.T.);
#1205=ORIENTED_EDGE('',*,*,#921,.T.);
#1206=ORIENTED_EDGE('',*,*,#922,.F.);
#1207=ORIENTED_EDGE('',*,*,#923,.T.);
#1208=ORIENTED_EDGE('',*,*,#924,.T.);
#1209=ORIENTED_EDGE('',*,*,#925,.F.);
#1210=ORIENTED_EDGE('',*,*,#926,.T.);
#1211=ORIENTED_EDGE('',*,*,#862,.T.);
#1212=ORIENTED_EDGE('',*,*,#842,.T.);
#1213=ORIENTED_EDGE('',*,*,#896,.T.);
#1214=ORIENTED_EDGE('',*,*,#927,.T.);
#1215=ORIENTED_EDGE('',*,*,#928,.T.);
#1216=ORIENTED_EDGE('',*,*,#929,.T.);
#1217=ORIENTED_EDGE('',*,*,#930,.F.);
#1218=ORIENTED_EDGE('',*,*,#931,.F.);
#1219=ORIENTED_EDGE('',*,*,#932,.T.);
#1220=ORIENTED_EDGE('',*,*,#933,.T.);
#1221=ORIENTED_EDGE('',*,*,#934,.T.);
#1222=ORIENTED_EDGE('',*,*,#935,.F.);
#1223=ORIENTED_EDGE('',*,*,#936,.T.);
#1224=ORIENTED_EDGE('',*,*,#937,.T.);
#1225=ORIENTED_EDGE('',*,*,#938,.F.);
#1226=ORIENTED_EDGE('',*,*,#939,.T.);
#1227=ORIENTED_EDGE('',*,*,#831,.T.);
#1228=ORIENTED_EDGE('',*,*,#835,.T.);
#1229=ORIENTED_EDGE('',*,*,#899,.T.);
#1230=ORIENTED_EDGE('',*,*,#940,.T.);
#1231=ORIENTED_EDGE('',*,*,#941,.T.);
#1232=ORIENTED_EDGE('',*,*,#942,.T.);
#1233=ORIENTED_EDGE('',*,*,#943,.F.);
#1234=ORIENTED_EDGE('',*,*,#944,.F.);
#1235=ORIENTED_EDGE('',*,*,#945,.T.);
#1236=ORIENTED_EDGE('',*,*,#946,.T.);
#1237=ORIENTED_EDGE('',*,*,#947,.T.);
#1238=ORIENTED_EDGE('',*,*,#948,.F.);
#1239=ORIENTED_EDGE('',*,*,#949,.T.);
#1240=ORIENTED_EDGE('',*,*,#950,.T.);
#1241=ORIENTED_EDGE('',*,*,#951,.F.);
#1242=ORIENTED_EDGE('',*,*,#952,.T.);
#1243=ORIENTED_EDGE('',*,*,#953,.F.);
#1244=ORIENTED_EDGE('',*,*,#954,.F.);
#1245=ORIENTED_EDGE('',*,*,#955,.T.);
#1246=ORIENTED_EDGE('',*,*,#956,.T.);
#1247=ORIENTED_EDGE('',*,*,#957,.F.);
#1248=ORIENTED_EDGE('',*,*,#956,.F.);
#1249=ORIENTED_EDGE('',*,*,#958,.F.);
#1250=ORIENTED_EDGE('',*,*,#959,.F.);
#1251=ORIENTED_EDGE('',*,*,#960,.F.);
#1252=ORIENTED_EDGE('',*,*,#959,.T.);
#1253=ORIENTED_EDGE('',*,*,#961,.F.);
#1254=ORIENTED_EDGE('',*,*,#962,.F.);
#1255=ORIENTED_EDGE('',*,*,#908,.F.);
#1256=ORIENTED_EDGE('',*,*,#963,.T.);
#1257=ORIENTED_EDGE('',*,*,#964,.F.);
#1258=ORIENTED_EDGE('',*,*,#965,.F.);
#1259=ORIENTED_EDGE('',*,*,#966,.F.);
#1260=ORIENTED_EDGE('',*,*,#961,.T.);
#1261=ORIENTED_EDGE('',*,*,#958,.T.);
#1262=ORIENTED_EDGE('',*,*,#955,.F.);
#1263=ORIENTED_EDGE('',*,*,#906,.F.);
#1264=ORIENTED_EDGE('',*,*,#967,.F.);
#1265=ORIENTED_EDGE('',*,*,#968,.T.);
#1266=ORIENTED_EDGE('',*,*,#969,.T.);
#1267=ORIENTED_EDGE('',*,*,#970,.F.);
#1268=ORIENTED_EDGE('',*,*,#964,.T.);
#1269=ORIENTED_EDGE('',*,*,#971,.T.);
#1270=ORIENTED_EDGE('',*,*,#968,.F.);
#1271=ORIENTED_EDGE('',*,*,#907,.F.);
#1272=ORIENTED_EDGE('',*,*,#969,.F.);
#1273=ORIENTED_EDGE('',*,*,#971,.F.);
#1274=ORIENTED_EDGE('',*,*,#963,.F.);
#1275=ORIENTED_EDGE('',*,*,#972,.F.);
#1276=ORIENTED_EDGE('',*,*,#973,.F.);
#1277=ORIENTED_EDGE('',*,*,#974,.T.);
#1278=ORIENTED_EDGE('',*,*,#975,.T.);
#1279=ORIENTED_EDGE('',*,*,#976,.F.);
#1280=ORIENTED_EDGE('',*,*,#975,.F.);
#1281=ORIENTED_EDGE('',*,*,#977,.F.);
#1282=ORIENTED_EDGE('',*,*,#978,.F.);
#1283=ORIENTED_EDGE('',*,*,#979,.F.);
#1284=ORIENTED_EDGE('',*,*,#978,.T.);
#1285=ORIENTED_EDGE('',*,*,#980,.F.);
#1286=ORIENTED_EDGE('',*,*,#981,.F.);
#1287=ORIENTED_EDGE('',*,*,#921,.F.);
#1288=ORIENTED_EDGE('',*,*,#982,.T.);
#1289=ORIENTED_EDGE('',*,*,#983,.F.);
#1290=ORIENTED_EDGE('',*,*,#984,.F.);
#1291=ORIENTED_EDGE('',*,*,#985,.F.);
#1292=ORIENTED_EDGE('',*,*,#980,.T.);
#1293=ORIENTED_EDGE('',*,*,#977,.T.);
#1294=ORIENTED_EDGE('',*,*,#974,.F.);
#1295=ORIENTED_EDGE('',*,*,#919,.F.);
#1296=ORIENTED_EDGE('',*,*,#986,.F.);
#1297=ORIENTED_EDGE('',*,*,#987,.T.);
#1298=ORIENTED_EDGE('',*,*,#988,.T.);
#1299=ORIENTED_EDGE('',*,*,#989,.F.);
#1300=ORIENTED_EDGE('',*,*,#983,.T.);
#1301=ORIENTED_EDGE('',*,*,#990,.T.);
#1302=ORIENTED_EDGE('',*,*,#987,.F.);
#1303=ORIENTED_EDGE('',*,*,#920,.F.);
#1304=ORIENTED_EDGE('',*,*,#988,.F.);
#1305=ORIENTED_EDGE('',*,*,#990,.F.);
#1306=ORIENTED_EDGE('',*,*,#982,.F.);
#1307=ORIENTED_EDGE('',*,*,#945,.F.);
#1308=ORIENTED_EDGE('',*,*,#991,.F.);
#1309=ORIENTED_EDGE('',*,*,#992,.T.);
#1310=ORIENTED_EDGE('',*,*,#993,.T.);
#1311=ORIENTED_EDGE('',*,*,#946,.F.);
#1312=ORIENTED_EDGE('',*,*,#993,.F.);
#1313=ORIENTED_EDGE('',*,*,#994,.F.);
#1314=ORIENTED_EDGE('',*,*,#995,.F.);
#1315=ORIENTED_EDGE('',*,*,#947,.F.);
#1316=ORIENTED_EDGE('',*,*,#995,.T.);
#1317=ORIENTED_EDGE('',*,*,#996,.F.);
#1318=ORIENTED_EDGE('',*,*,#997,.F.);
#1319=ORIENTED_EDGE('',*,*,#934,.F.);
#1320=ORIENTED_EDGE('',*,*,#998,.T.);
#1321=ORIENTED_EDGE('',*,*,#999,.F.);
#1322=ORIENTED_EDGE('',*,*,#1000,.F.);
#1323=ORIENTED_EDGE('',*,*,#1001,.F.);
#1324=ORIENTED_EDGE('',*,*,#996,.T.);
#1325=ORIENTED_EDGE('',*,*,#994,.T.);
#1326=ORIENTED_EDGE('',*,*,#992,.F.);
#1327=ORIENTED_EDGE('',*,*,#932,.F.);
#1328=ORIENTED_EDGE('',*,*,#1002,.F.);
#1329=ORIENTED_EDGE('',*,*,#1003,.T.);
#1330=ORIENTED_EDGE('',*,*,#1004,.T.);
#1331=ORIENTED_EDGE('',*,*,#1005,.F.);
#1332=ORIENTED_EDGE('',*,*,#999,.T.);
#1333=ORIENTED_EDGE('',*,*,#1006,.T.);
#1334=ORIENTED_EDGE('',*,*,#1003,.F.);
#1335=ORIENTED_EDGE('',*,*,#933,.F.);
#1336=ORIENTED_EDGE('',*,*,#1004,.F.);
#1337=ORIENTED_EDGE('',*,*,#1006,.F.);
#1338=ORIENTED_EDGE('',*,*,#998,.F.);
#1339=ORIENTED_EDGE('',*,*,#823,.T.);
#1340=ORIENTED_EDGE('',*,*,#1007,.T.);
#1341=ORIENTED_EDGE('',*,*,#1008,.T.);
#1342=ORIENTED_EDGE('',*,*,#1009,.T.);
#1343=ORIENTED_EDGE('',*,*,#1010,.F.);
#1344=ORIENTED_EDGE('',*,*,#1011,.F.);
#1345=ORIENTED_EDGE('',*,*,#953,.T.);
#1346=ORIENTED_EDGE('',*,*,#957,.T.);
#1347=ORIENTED_EDGE('',*,*,#960,.T.);
#1348=ORIENTED_EDGE('',*,*,#1012,.F.);
#1349=ORIENTED_EDGE('',*,*,#1013,.T.);
#1350=ORIENTED_EDGE('',*,*,#1014,.T.);
#1351=ORIENTED_EDGE('',*,*,#1015,.F.);
#1352=ORIENTED_EDGE('',*,*,#1016,.T.);
#1353=ORIENTED_EDGE('',*,*,#883,.T.);
#1354=ORIENTED_EDGE('',*,*,#845,.T.);
#1355=ORIENTED_EDGE('',*,*,#827,.T.);
#1356=ORIENTED_EDGE('',*,*,#1017,.T.);
#1357=ORIENTED_EDGE('',*,*,#1018,.T.);
#1358=ORIENTED_EDGE('',*,*,#1019,.T.);
#1359=ORIENTED_EDGE('',*,*,#1020,.F.);
#1360=ORIENTED_EDGE('',*,*,#1021,.F.);
#1361=ORIENTED_EDGE('',*,*,#972,.T.);
#1362=ORIENTED_EDGE('',*,*,#976,.T.);
#1363=ORIENTED_EDGE('',*,*,#979,.T.);
#1364=ORIENTED_EDGE('',*,*,#1022,.F.);
#1365=ORIENTED_EDGE('',*,*,#1023,.T.);
#1366=ORIENTED_EDGE('',*,*,#1024,.T.);
#1367=ORIENTED_EDGE('',*,*,#1025,.F.);
#1368=ORIENTED_EDGE('',*,*,#1026,.T.);
#1369=ORIENTED_EDGE('',*,*,#890,.T.);
#1370=ORIENTED_EDGE('',*,*,#838,.T.);
#1371=ORIENTED_EDGE('',*,*,#1027,.T.);
#1372=ORIENTED_EDGE('',*,*,#1028,.T.);
#1373=ORIENTED_EDGE('',*,*,#1029,.T.);
#1374=ORIENTED_EDGE('',*,*,#1030,.T.);
#1375=ORIENTED_EDGE('',*,*,#1000,.T.);
#1376=ORIENTED_EDGE('',*,*,#1005,.T.);
#1377=ORIENTED_EDGE('',*,*,#1002,.T.);
#1378=ORIENTED_EDGE('',*,*,#931,.T.);
#1379=ORIENTED_EDGE('',*,*,#1031,.T.);
#1380=ORIENTED_EDGE('',*,*,#948,.T.);
#1381=ORIENTED_EDGE('',*,*,#997,.T.);
#1382=ORIENTED_EDGE('',*,*,#1001,.T.);
#1383=ORIENTED_EDGE('',*,*,#991,.T.);
#1384=ORIENTED_EDGE('',*,*,#944,.T.);
#1385=ORIENTED_EDGE('',*,*,#1032,.T.);
#1386=ORIENTED_EDGE('',*,*,#935,.T.);
#1387=ORIENTED_EDGE('',*,*,#984,.T.);
#1388=ORIENTED_EDGE('',*,*,#989,.T.);
#1389=ORIENTED_EDGE('',*,*,#986,.T.);
#1390=ORIENTED_EDGE('',*,*,#918,.T.);
#1391=ORIENTED_EDGE('',*,*,#1033,.T.);
#1392=ORIENTED_EDGE('',*,*,#1022,.T.);
#1393=ORIENTED_EDGE('',*,*,#981,.T.);
#1394=ORIENTED_EDGE('',*,*,#985,.T.);
#1395=ORIENTED_EDGE('',*,*,#973,.T.);
#1396=ORIENTED_EDGE('',*,*,#1021,.T.);
#1397=ORIENTED_EDGE('',*,*,#1034,.T.);
#1398=ORIENTED_EDGE('',*,*,#922,.T.);
#1399=ORIENTED_EDGE('',*,*,#965,.T.);
#1400=ORIENTED_EDGE('',*,*,#970,.T.);
#1401=ORIENTED_EDGE('',*,*,#967,.T.);
#1402=ORIENTED_EDGE('',*,*,#905,.T.);
#1403=ORIENTED_EDGE('',*,*,#1035,.T.);
#1404=ORIENTED_EDGE('',*,*,#1012,.T.);
#1405=ORIENTED_EDGE('',*,*,#962,.T.);
#1406=ORIENTED_EDGE('',*,*,#966,.T.);
#1407=ORIENTED_EDGE('',*,*,#954,.T.);
#1408=ORIENTED_EDGE('',*,*,#1011,.T.);
#1409=ORIENTED_EDGE('',*,*,#1036,.T.);
#1410=ORIENTED_EDGE('',*,*,#909,.T.);
#1411=ORIENTED_EDGE('',*,*,#1037,.F.);
#1412=ORIENTED_EDGE('',*,*,#911,.F.);
#1413=ORIENTED_EDGE('',*,*,#1038,.F.);
#1414=ORIENTED_EDGE('',*,*,#1009,.F.);
#1415=ORIENTED_EDGE('',*,*,#1039,.F.);
#1416=ORIENTED_EDGE('',*,*,#1014,.F.);
#1417=ORIENTED_EDGE('',*,*,#1040,.F.);
#1418=ORIENTED_EDGE('',*,*,#903,.F.);
#1419=ORIENTED_EDGE('',*,*,#1036,.F.);
#1420=ORIENTED_EDGE('',*,*,#1010,.T.);
#1421=ORIENTED_EDGE('',*,*,#1038,.T.);
#1422=ORIENTED_EDGE('',*,*,#910,.F.);
#1423=ORIENTED_EDGE('',*,*,#1035,.F.);
#1424=ORIENTED_EDGE('',*,*,#904,.T.);
#1425=ORIENTED_EDGE('',*,*,#1040,.T.);
#1426=ORIENTED_EDGE('',*,*,#1013,.F.);
#1427=ORIENTED_EDGE('',*,*,#1041,.F.);
#1428=ORIENTED_EDGE('',*,*,#924,.F.);
#1429=ORIENTED_EDGE('',*,*,#1042,.F.);
#1430=ORIENTED_EDGE('',*,*,#1019,.F.);
#1431=ORIENTED_EDGE('',*,*,#1043,.F.);
#1432=ORIENTED_EDGE('',*,*,#1024,.F.);
#1433=ORIENTED_EDGE('',*,*,#1044,.F.);
#1434=ORIENTED_EDGE('',*,*,#916,.F.);
#1435=ORIENTED_EDGE('',*,*,#1034,.F.);
#1436=ORIENTED_EDGE('',*,*,#1020,.T.);
#1437=ORIENTED_EDGE('',*,*,#1042,.T.);
#1438=ORIENTED_EDGE('',*,*,#923,.F.);
#1439=ORIENTED_EDGE('',*,*,#1033,.F.);
#1440=ORIENTED_EDGE('',*,*,#917,.T.);
#1441=ORIENTED_EDGE('',*,*,#1044,.T.);
#1442=ORIENTED_EDGE('',*,*,#1023,.F.);
#1443=ORIENTED_EDGE('',*,*,#1045,.F.);
#1444=ORIENTED_EDGE('',*,*,#937,.F.);
#1445=ORIENTED_EDGE('',*,*,#1046,.F.);
#1446=ORIENTED_EDGE('',*,*,#942,.F.);
#1447=ORIENTED_EDGE('',*,*,#1047,.F.);
#1448=ORIENTED_EDGE('',*,*,#950,.F.);
#1449=ORIENTED_EDGE('',*,*,#1048,.F.);
#1450=ORIENTED_EDGE('',*,*,#929,.F.);
#1451=ORIENTED_EDGE('',*,*,#1032,.F.);
#1452=ORIENTED_EDGE('',*,*,#943,.T.);
#1453=ORIENTED_EDGE('',*,*,#1046,.T.);
#1454=ORIENTED_EDGE('',*,*,#936,.F.);
#1455=ORIENTED_EDGE('',*,*,#1031,.F.);
#1456=ORIENTED_EDGE('',*,*,#930,.T.);
#1457=ORIENTED_EDGE('',*,*,#1048,.T.);
#1458=ORIENTED_EDGE('',*,*,#949,.F.);
#1459=ORIENTED_EDGE('',*,*,#1039,.T.);
#1460=ORIENTED_EDGE('',*,*,#902,.F.);
#1461=ORIENTED_EDGE('',*,*,#1049,.T.);
#1462=ORIENTED_EDGE('',*,*,#1015,.T.);
#1463=ORIENTED_EDGE('',*,*,#1043,.T.);
#1464=ORIENTED_EDGE('',*,*,#915,.F.);
#1465=ORIENTED_EDGE('',*,*,#1050,.T.);
#1466=ORIENTED_EDGE('',*,*,#1025,.T.);
#1467=ORIENTED_EDGE('',*,*,#1047,.T.);
#1468=ORIENTED_EDGE('',*,*,#928,.F.);
#1469=ORIENTED_EDGE('',*,*,#1051,.T.);
#1470=ORIENTED_EDGE('',*,*,#951,.T.);
#1471=ORIENTED_EDGE('',*,*,#1045,.T.);
#1472=ORIENTED_EDGE('',*,*,#941,.F.);
#1473=ORIENTED_EDGE('',*,*,#1052,.T.);
#1474=ORIENTED_EDGE('',*,*,#938,.T.);
#1475=ORIENTED_EDGE('',*,*,#1041,.T.);
#1476=ORIENTED_EDGE('',*,*,#1018,.F.);
#1477=ORIENTED_EDGE('',*,*,#1053,.T.);
#1478=ORIENTED_EDGE('',*,*,#925,.T.);
#1479=ORIENTED_EDGE('',*,*,#1037,.T.);
#1480=ORIENTED_EDGE('',*,*,#1008,.F.);
#1481=ORIENTED_EDGE('',*,*,#1054,.T.);
#1482=ORIENTED_EDGE('',*,*,#912,.T.);
#1483=ORIENTED_EDGE('',*,*,#1055,.T.);
#1484=ORIENTED_EDGE('',*,*,#1056,.T.);
#1485=ORIENTED_EDGE('',*,*,#1030,.F.);
#1486=ORIENTED_EDGE('',*,*,#1057,.F.);
#1487=ORIENTED_EDGE('',*,*,#1058,.T.);
#1488=ORIENTED_EDGE('',*,*,#1057,.T.);
#1489=ORIENTED_EDGE('',*,*,#1029,.F.);
#1490=ORIENTED_EDGE('',*,*,#1059,.F.);
#1491=ORIENTED_EDGE('',*,*,#1060,.T.);
#1492=ORIENTED_EDGE('',*,*,#1059,.T.);
#1493=ORIENTED_EDGE('',*,*,#1028,.F.);
#1494=ORIENTED_EDGE('',*,*,#1061,.F.);
#1495=ORIENTED_EDGE('',*,*,#1062,.T.);
#1496=ORIENTED_EDGE('',*,*,#1061,.T.);
#1497=ORIENTED_EDGE('',*,*,#1027,.F.);
#1498=ORIENTED_EDGE('',*,*,#1056,.F.);
#1499=ORIENTED_EDGE('',*,*,#1062,.F.);
#1500=ORIENTED_EDGE('',*,*,#1055,.F.);
#1501=ORIENTED_EDGE('',*,*,#1058,.F.);
#1502=ORIENTED_EDGE('',*,*,#1060,.F.);
#1503=ORIENTED_EDGE('',*,*,#868,.T.);
#1504=ORIENTED_EDGE('',*,*,#913,.F.);
#1505=ORIENTED_EDGE('',*,*,#1054,.F.);
#1506=ORIENTED_EDGE('',*,*,#1007,.F.);
#1507=ORIENTED_EDGE('',*,*,#826,.T.);
#1508=ORIENTED_EDGE('',*,*,#867,.T.);
#1509=ORIENTED_EDGE('',*,*,#864,.T.);
#1510=ORIENTED_EDGE('',*,*,#926,.F.);
#1511=ORIENTED_EDGE('',*,*,#1053,.F.);
#1512=ORIENTED_EDGE('',*,*,#1017,.F.);
#1513=ORIENTED_EDGE('',*,*,#830,.T.);
#1514=ORIENTED_EDGE('',*,*,#863,.T.);
#1515=ORIENTED_EDGE('',*,*,#860,.T.);
#1516=ORIENTED_EDGE('',*,*,#939,.F.);
#1517=ORIENTED_EDGE('',*,*,#1052,.F.);
#1518=ORIENTED_EDGE('',*,*,#940,.F.);
#1519=ORIENTED_EDGE('',*,*,#900,.T.);
#1520=ORIENTED_EDGE('',*,*,#897,.T.);
#1521=ORIENTED_EDGE('',*,*,#832,.T.);
#1522=ORIENTED_EDGE('',*,*,#952,.F.);
#1523=ORIENTED_EDGE('',*,*,#1051,.F.);
#1524=ORIENTED_EDGE('',*,*,#927,.F.);
#1525=ORIENTED_EDGE('',*,*,#895,.T.);
#1526=ORIENTED_EDGE('',*,*,#893,.T.);
#1527=ORIENTED_EDGE('',*,*,#891,.T.);
#1528=ORIENTED_EDGE('',*,*,#1026,.F.);
#1529=ORIENTED_EDGE('',*,*,#1050,.F.);
#1530=ORIENTED_EDGE('',*,*,#914,.F.);
#1531=ORIENTED_EDGE('',*,*,#888,.T.);
#1532=ORIENTED_EDGE('',*,*,#886,.T.);
#1533=ORIENTED_EDGE('',*,*,#884,.T.);
#1534=ORIENTED_EDGE('',*,*,#1016,.F.);
#1535=ORIENTED_EDGE('',*,*,#1049,.F.);
#1536=ORIENTED_EDGE('',*,*,#901,.F.);
#1537=ORIENTED_EDGE('',*,*,#881,.T.);
#1538=ORIENTED_EDGE('',*,*,#879,.T.);
#1539=ORIENTED_EDGE('',*,*,#877,.T.);
#1540=ORIENTED_EDGE('',*,*,#875,.T.);
#1541=ORIENTED_EDGE('',*,*,#873,.T.);
#1542=ORIENTED_EDGE('',*,*,#871,.T.);
#1543=PLANE('',#1726);
#1544=PLANE('',#1727);
#1545=PLANE('',#1728);
#1546=PLANE('',#1729);
#1547=PLANE('',#1730);
#1548=PLANE('',#1731);
#1549=PLANE('',#1732);
#1550=PLANE('',#1733);
#1551=PLANE('',#1734);
#1552=PLANE('',#1735);
#1553=PLANE('',#1736);
#1554=PLANE('',#1737);
#1555=PLANE('',#1738);
#1556=PLANE('',#1739);
#1557=PLANE('',#1740);
#1558=PLANE('',#1741);
#1559=PLANE('',#1742);
#1560=PLANE('',#1743);
#1561=PLANE('',#1744);
#1562=PLANE('',#1745);
#1563=PLANE('',#1746);
#1564=PLANE('',#1747);
#1565=PLANE('',#1748);
#1566=PLANE('',#1749);
#1567=PLANE('',#1750);
#1568=PLANE('',#1751);
#1569=PLANE('',#1752);
#1570=PLANE('',#1753);
#1571=PLANE('',#1754);
#1572=PLANE('',#1755);
#1573=PLANE('',#1756);
#1574=PLANE('',#1757);
#1575=PLANE('',#1758);
#1576=PLANE('',#1759);
#1577=PLANE('',#1760);
#1578=PLANE('',#1761);
#1579=PLANE('',#1762);
#1580=PLANE('',#1763);
#1581=PLANE('',#1764);
#1582=PLANE('',#1765);
#1583=PLANE('',#1766);
#1584=PLANE('',#1767);
#1585=PLANE('',#1768);
#1586=PLANE('',#1769);
#1587=PLANE('',#1770);
#1588=PLANE('',#1771);
#1589=PLANE('',#1772);
#1590=PLANE('',#1773);
#1591=PLANE('',#1774);
#1592=PLANE('',#1775);
#1593=PLANE('',#1776);
#1594=PLANE('',#1777);
#1595=PLANE('',#1778);
#1596=PLANE('',#1779);
#1597=PLANE('',#1780);
#1598=PLANE('',#1781);
#1599=PLANE('',#1782);
#1600=PLANE('',#1783);
#1601=PLANE('',#1784);
#1602=PLANE('',#1785);
#1603=PLANE('',#1786);
#1604=PLANE('',#1787);
#1605=PLANE('',#1788);
#1606=PLANE('',#1789);
#1607=PLANE('',#1790);
#1608=PLANE('',#1791);
#1609=PLANE('',#1792);
#1610=PLANE('',#1793);
#1611=PLANE('',#1794);
#1612=PLANE('',#1795);
#1613=PLANE('',#1796);
#1614=PLANE('',#1797);
#1615=PLANE('',#1798);
#1616=PLANE('',#1799);
#1617=PLANE('',#1800);
#1618=PLANE('',#1801);
#1619=PLANE('',#1802);
#1620=PLANE('',#1803);
#1621=PLANE('',#1804);
#1622=PLANE('',#1805);
#1623=ADVANCED_FACE('',(#19),#1543,.F.);
#1624=ADVANCED_FACE('',(#20),#1544,.F.);
#1625=ADVANCED_FACE('',(#21),#1545,.F.);
#1626=ADVANCED_FACE('',(#22),#1546,.F.);
#1627=ADVANCED_FACE('',(#23),#1547,.F.);
#1628=ADVANCED_FACE('',(#24),#1548,.F.);
#1629=ADVANCED_FACE('',(#25),#1549,.F.);
#1630=ADVANCED_FACE('',(#26),#1550,.F.);
#1631=ADVANCED_FACE('',(#27),#1551,.F.);
#1632=ADVANCED_FACE('',(#28),#1552,.F.);
#1633=ADVANCED_FACE('',(#29),#1553,.F.);
#1634=ADVANCED_FACE('',(#30),#1554,.F.);
#1635=ADVANCED_FACE('',(#31),#1555,.F.);
#1636=ADVANCED_FACE('',(#32),#1556,.F.);
#1637=ADVANCED_FACE('',(#33),#1557,.F.);
#1638=ADVANCED_FACE('',(#34),#1558,.F.);
#1639=ADVANCED_FACE('',(#35),#1559,.F.);
#1640=ADVANCED_FACE('',(#36),#1560,.F.);
#1641=ADVANCED_FACE('',(#37),#1561,.F.);
#1642=ADVANCED_FACE('',(#38),#1562,.F.);
#1643=ADVANCED_FACE('',(#39),#1563,.F.);
#1644=ADVANCED_FACE('',(#40),#1564,.F.);
#1645=ADVANCED_FACE('',(#41),#1565,.F.);
#1646=ADVANCED_FACE('',(#42),#1566,.F.);
#1647=ADVANCED_FACE('',(#43),#1567,.F.);
#1648=ADVANCED_FACE('',(#44),#1568,.F.);
#1649=ADVANCED_FACE('',(#45),#1569,.T.);
#1650=ADVANCED_FACE('',(#46),#1570,.T.);
#1651=ADVANCED_FACE('',(#47),#1571,.T.);
#1652=ADVANCED_FACE('',(#48),#1572,.T.);
#1653=ADVANCED_FACE('',(#49),#1573,.F.);
#1654=ADVANCED_FACE('',(#50),#1574,.F.);
#1655=ADVANCED_FACE('',(#51),#1575,.F.);
#1656=ADVANCED_FACE('',(#52),#1576,.F.);
#1657=ADVANCED_FACE('',(#53),#1577,.F.);
#1658=ADVANCED_FACE('',(#54),#1578,.F.);
#1659=ADVANCED_FACE('',(#55),#1579,.F.);
#1660=ADVANCED_FACE('',(#56),#1580,.F.);
#1661=ADVANCED_FACE('',(#57),#1581,.F.);
#1662=ADVANCED_FACE('',(#58),#1582,.F.);
#1663=ADVANCED_FACE('',(#59),#1583,.F.);
#1664=ADVANCED_FACE('',(#60),#1584,.F.);
#1665=ADVANCED_FACE('',(#61),#1585,.F.);
#1666=ADVANCED_FACE('',(#62),#1586,.F.);
#1667=ADVANCED_FACE('',(#63),#1587,.F.);
#1668=ADVANCED_FACE('',(#64),#1588,.F.);
#1669=ADVANCED_FACE('',(#65),#1589,.F.);
#1670=ADVANCED_FACE('',(#66),#1590,.F.);
#1671=ADVANCED_FACE('',(#67),#1591,.F.);
#1672=ADVANCED_FACE('',(#68),#1592,.F.);
#1673=ADVANCED_FACE('',(#69),#1593,.F.);
#1674=ADVANCED_FACE('',(#70),#1594,.F.);
#1675=ADVANCED_FACE('',(#71),#1595,.F.);
#1676=ADVANCED_FACE('',(#72),#1596,.F.);
#1677=ADVANCED_FACE('',(#73),#1597,.T.);
#1678=ADVANCED_FACE('',(#74),#1598,.T.);
#1679=ADVANCED_FACE('',(#75,#15,#16,#17),#1599,.T.);
#1680=ADVANCED_FACE('',(#76),#1600,.F.);
#1681=ADVANCED_FACE('',(#77),#1601,.F.);
#1682=ADVANCED_FACE('',(#78),#1602,.F.);
#1683=ADVANCED_FACE('',(#79),#1603,.F.);
#1684=ADVANCED_FACE('',(#80),#1604,.F.);
#1685=ADVANCED_FACE('',(#81),#1605,.F.);
#1686=ADVANCED_FACE('',(#82),#1606,.F.);
#1687=ADVANCED_FACE('',(#83),#1607,.F.);
#1688=ADVANCED_FACE('',(#84),#1608,.F.);
#1689=ADVANCED_FACE('',(#85),#1609,.F.);
#1690=ADVANCED_FACE('',(#86),#1610,.F.);
#1691=ADVANCED_FACE('',(#87),#1611,.F.);
#1692=ADVANCED_FACE('',(#88),#1612,.T.);
#1693=ADVANCED_FACE('',(#89),#1613,.T.);
#1694=ADVANCED_FACE('',(#90),#1614,.T.);
#1695=ADVANCED_FACE('',(#91),#1615,.T.);
#1696=ADVANCED_FACE('',(#92),#1616,.T.);
#1697=ADVANCED_FACE('',(#93),#1617,.T.);
#1698=ADVANCED_FACE('',(#94),#1618,.T.);
#1699=ADVANCED_FACE('',(#95),#1619,.T.);
#1700=ADVANCED_FACE('',(#96),#1620,.T.);
#1701=ADVANCED_FACE('',(#97),#1621,.T.);
#1702=ADVANCED_FACE('',(#98,#18),#1622,.F.);
#1703=CLOSED_SHELL('',(#1623,#1624,#1625,#1626,#1627,#1628,#1629,#1630,
#1631,#1632,#1633,#1634,#1635,#1636,#1637,#1638,#1639,#1640,#1641,#1642,
#1643,#1644,#1645,#1646,#1647,#1648,#1649,#1650,#1651,#1652,#1653,#1654,
#1655,#1656,#1657,#1658,#1659,#1660,#1661,#1662,#1663,#1664,#1665,#1666,
#1667,#1668,#1669,#1670,#1671,#1672,#1673,#1674,#1675,#1676,#1677,#1678,
#1679,#1680,#1681,#1682,#1683,#1684,#1685,#1686,#1687,#1688,#1689,#1690,
#1691,#1692,#1693,#1694,#1695,#1696,#1697,#1698,#1699,#1700,#1701,#1702));
#1704=DERIVED_UNIT_ELEMENT(#1707,1.);
#1705=DERIVED_UNIT_ELEMENT(#2694,-3.);
#1706=DIMENSIONAL_EXPONENTS(0.,1.,0.,0.,0.,0.,0.);
#1707=(
CONVERSION_BASED_UNIT('gram',#1709)
MASS_UNIT()
NAMED_UNIT(#1706)
);
#1708=(
MASS_UNIT()
NAMED_UNIT(*)
SI_UNIT(.KILO.,.GRAM.)
);
#1709=MASS_MEASURE_WITH_UNIT(MASS_MEASURE(0.001),#1708);
#1710=DERIVED_UNIT((#1704,#1705));
#1711=MEASURE_REPRESENTATION_ITEM('density measure',
POSITIVE_RATIO_MEASURE(1.),#1710);
#1712=PROPERTY_DEFINITION_REPRESENTATION(#1717,#1714);
#1713=PROPERTY_DEFINITION_REPRESENTATION(#1718,#1715);
#1714=REPRESENTATION('material name',(#1716),#2691);
#1715=REPRESENTATION('density',(#1711),#2691);
#1716=DESCRIPTIVE_REPRESENTATION_ITEM('Generic','Generic');
#1717=PROPERTY_DEFINITION('material property','material name',#2701);
#1718=PROPERTY_DEFINITION('material property','density of part',#2701);
#1719=DATE_TIME_ROLE('creation_date');
#1720=APPLIED_DATE_AND_TIME_ASSIGNMENT(#1721,#1719,(#2701));
#1721=DATE_AND_TIME(#1722,#1723);
#1722=CALENDAR_DATE(2024,18,7);
#1723=LOCAL_TIME(0,0,0.,#1724);
#1724=COORDINATED_UNIVERSAL_TIME_OFFSET(0,0,.BEHIND.);
#1725=AXIS2_PLACEMENT_3D('',#2208,#1806,#1807);
#1726=AXIS2_PLACEMENT_3D('',#2209,#1808,#1809);
#1727=AXIS2_PLACEMENT_3D('',#2218,#1814,#1815);
#1728=AXIS2_PLACEMENT_3D('',#2227,#1820,#1821);
#1729=AXIS2_PLACEMENT_3D('',#2236,#1826,#1827);
#1730=AXIS2_PLACEMENT_3D('',#2242,#1831,#1832);
#1731=AXIS2_PLACEMENT_3D('',#2256,#1840,#1841);
#1732=AXIS2_PLACEMENT_3D('',#2270,#1849,#1850);
#1733=AXIS2_PLACEMENT_3D('',#2287,#1859,#1860);
#1734=AXIS2_PLACEMENT_3D('',#2293,#1864,#1865);
#1735=AXIS2_PLACEMENT_3D('',#2295,#1867,#1868);
#1736=AXIS2_PLACEMENT_3D('',#2301,#1872,#1873);
#1737=AXIS2_PLACEMENT_3D('',#2303,#1875,#1876);
#1738=AXIS2_PLACEMENT_3D('',#2309,#1880,#1881);
#1739=AXIS2_PLACEMENT_3D('',#2313,#1884,#1885);
#1740=AXIS2_PLACEMENT_3D('',#2317,#1888,#1889);
#1741=AXIS2_PLACEMENT_3D('',#2321,#1892,#1893);
#1742=AXIS2_PLACEMENT_3D('',#2325,#1896,#1897);
#1743=AXIS2_PLACEMENT_3D('',#2329,#1900,#1901);
#1744=AXIS2_PLACEMENT_3D('',#2333,#1904,#1905);
#1745=AXIS2_PLACEMENT_3D('',#2339,#1909,#1910);
#1746=AXIS2_PLACEMENT_3D('',#2343,#1913,#1914);
#1747=AXIS2_PLACEMENT_3D('',#2347,#1917,#1918);
#1748=AXIS2_PLACEMENT_3D('',#2353,#1922,#1923);
#1749=AXIS2_PLACEMENT_3D('',#2357,#1926,#1927);
#1750=AXIS2_PLACEMENT_3D('',#2361,#1930,#1931);
#1751=AXIS2_PLACEMENT_3D('',#2365,#1934,#1935);
#1752=AXIS2_PLACEMENT_3D('',#2369,#1938,#1939);
#1753=AXIS2_PLACEMENT_3D('',#2395,#1953,#1954);
#1754=AXIS2_PLACEMENT_3D('',#2421,#1968,#1969);
#1755=AXIS2_PLACEMENT_3D('',#2447,#1983,#1984);
#1756=AXIS2_PLACEMENT_3D('',#2473,#1998,#1999);
#1757=AXIS2_PLACEMENT_3D('',#2482,#2004,#2005);
#1758=AXIS2_PLACEMENT_3D('',#2488,#2009,#2010);
#1759=AXIS2_PLACEMENT_3D('',#2494,#2014,#2015);
#1760=AXIS2_PLACEMENT_3D('',#2500,#2019,#2020);
#1761=AXIS2_PLACEMENT_3D('',#2502,#2022,#2023);
#1762=AXIS2_PLACEMENT_3D('',#2508,#2027,#2028);
#1763=AXIS2_PLACEMENT_3D('',#2511,#2031,#2032);
#1764=AXIS2_PLACEMENT_3D('',#2512,#2033,#2034);
#1765=AXIS2_PLACEMENT_3D('',#2521,#2039,#2040);
#1766=AXIS2_PLACEMENT_3D('',#2527,#2044,#2045);
#1767=AXIS2_PLACEMENT_3D('',#2533,#2049,#2050);
#1768=AXIS2_PLACEMENT_3D('',#2539,#2054,#2055);
#1769=AXIS2_PLACEMENT_3D('',#2541,#2057,#2058);
#1770=AXIS2_PLACEMENT_3D('',#2547,#2062,#2063);
#1771=AXIS2_PLACEMENT_3D('',#2550,#2066,#2067);
#1772=AXIS2_PLACEMENT_3D('',#2551,#2068,#2069);
#1773=AXIS2_PLACEMENT_3D('',#2557,#2073,#2074);
#1774=AXIS2_PLACEMENT_3D('',#2561,#2077,#2078);
#1775=AXIS2_PLACEMENT_3D('',#2565,#2081,#2082);
#1776=AXIS2_PLACEMENT_3D('',#2571,#2086,#2087);
#1777=AXIS2_PLACEMENT_3D('',#2573,#2089,#2090);
#1778=AXIS2_PLACEMENT_3D('',#2579,#2094,#2095);
#1779=AXIS2_PLACEMENT_3D('',#2582,#2098,#2099);
#1780=AXIS2_PLACEMENT_3D('',#2583,#2100,#2101);
#1781=AXIS2_PLACEMENT_3D('',#2602,#2112,#2113);
#1782=AXIS2_PLACEMENT_3D('',#2621,#2124,#2125);
#1783=AXIS2_PLACEMENT_3D('',#2636,#2136,#2137);
#1784=AXIS2_PLACEMENT_3D('',#2639,#2140,#2141);
#1785=AXIS2_PLACEMENT_3D('',#2642,#2144,#2145);
#1786=AXIS2_PLACEMENT_3D('',#2643,#2146,#2147);
#1787=AXIS2_PLACEMENT_3D('',#2644,#2148,#2149);
#1788=AXIS2_PLACEMENT_3D('',#2647,#2152,#2153);
#1789=AXIS2_PLACEMENT_3D('',#2650,#2156,#2157);
#1790=AXIS2_PLACEMENT_3D('',#2651,#2158,#2159);
#1791=AXIS2_PLACEMENT_3D('',#2652,#2160,#2161);
#1792=AXIS2_PLACEMENT_3D('',#2655,#2164,#2165);
#1793=AXIS2_PLACEMENT_3D('',#2658,#2168,#2169);
#1794=AXIS2_PLACEMENT_3D('',#2659,#2170,#2171);
#1795=AXIS2_PLACEMENT_3D('',#2660,#2172,#2173);
#1796=AXIS2_PLACEMENT_3D('',#2662,#2175,#2176);
#1797=AXIS2_PLACEMENT_3D('',#2664,#2178,#2179);
#1798=AXIS2_PLACEMENT_3D('',#2666,#2181,#2182);
#1799=AXIS2_PLACEMENT_3D('',#2668,#2184,#2185);
#1800=AXIS2_PLACEMENT_3D('',#2670,#2187,#2188);
#1801=AXIS2_PLACEMENT_3D('',#2672,#2190,#2191);
#1802=AXIS2_PLACEMENT_3D('',#2678,#2195,#2196);
#1803=AXIS2_PLACEMENT_3D('',#2682,#2199,#2200);
#1804=AXIS2_PLACEMENT_3D('',#2686,#2203,#2204);
#1805=AXIS2_PLACEMENT_3D('',#2688,#2206,#2207);
#1806=DIRECTION('axis',(0.,0.,1.));
#1807=DIRECTION('refdir',(1.,0.,0.));
#1808=DIRECTION('center_axis',(1.,-3.41607084500048E-16,0.));
#1809=DIRECTION('ref_axis',(3.41607084500048E-16,1.,0.));
#1810=DIRECTION('',(0.,0.,-1.));
#1811=DIRECTION('',(3.41607084500048E-16,1.,0.));
#1812=DIRECTION('',(0.,0.,1.));
#1813=DIRECTION('',(3.41607084500048E-16,1.,0.));
#1814=DIRECTION('center_axis',(1.,-3.41607084500048E-16,0.));
#1815=DIRECTION('ref_axis',(3.41607084500048E-16,1.,0.));
#1816=DIRECTION('',(0.,0.,-1.));
#1817=DIRECTION('',(3.41607084500048E-16,1.,0.));
#1818=DIRECTION('',(0.,0.,1.));
#1819=DIRECTION('',(3.41607084500048E-16,1.,0.));
#1820=DIRECTION('center_axis',(-1.,4.03717463500057E-16,0.));
#1821=DIRECTION('ref_axis',(-4.03717463500057E-16,-1.,0.));
#1822=DIRECTION('',(0.,0.,1.));
#1823=DIRECTION('',(-4.03717463500057E-16,-1.,0.));
#1824=DIRECTION('',(0.,0.,1.));
#1825=DIRECTION('',(-4.03717463500057E-16,-1.,0.));
#1826=DIRECTION('center_axis',(0.,0.,1.));
#1827=DIRECTION('ref_axis',(1.,0.,0.));
#1828=DIRECTION('',(1.,-2.08166817117217E-16,0.));
#1829=DIRECTION('',(-1.,1.38777878078144E-16,0.));
#1830=DIRECTION('',(4.03717463500057E-16,1.,0.));
#1831=DIRECTION('center_axis',(0.,0.,1.));
#1832=DIRECTION('ref_axis',(1.,0.,0.));
#1833=DIRECTION('',(1.,0.,0.));
#1834=DIRECTION('',(-3.41607084500048E-16,-1.,0.));
#1835=DIRECTION('',(1.,3.41607084500048E-16,0.));
#1836=DIRECTION('',(-1.48029736616688E-15,-1.,0.));
#1837=DIRECTION('',(-1.,0.,0.));
#1838=DIRECTION('',(-1.48029736616688E-15,1.,0.));
#1839=DIRECTION('',(1.,-3.41607084500049E-16,0.));
#1840=DIRECTION('center_axis',(0.,0.,1.));
#1841=DIRECTION('ref_axis',(1.,0.,0.));
#1842=DIRECTION('',(1.,0.,0.));
#1843=DIRECTION('',(-6.83214169000096E-16,-1.,0.));
#1844=DIRECTION('',(1.,0.,0.));
#1845=DIRECTION('',(0.,-1.,0.));
#1846=DIRECTION('',(-1.,0.,0.));
#1847=DIRECTION('',(0.,1.,0.));
#1848=DIRECTION('',(1.,0.,0.));
#1849=DIRECTION('center_axis',(0.,0.,1.));
#1850=DIRECTION('ref_axis',(1.,0.,0.));
#1851=DIRECTION('',(-1.,0.,0.));
#1852=DIRECTION('',(-1.48029736616688E-15,1.,0.));
#1853=DIRECTION('',(1.,0.,0.));
#1854=DIRECTION('',(0.,1.,0.));
#1855=DIRECTION('',(1.,0.,0.));
#1856=DIRECTION('',(0.,-1.,0.));
#1857=DIRECTION('',(1.,0.,0.));
#1858=DIRECTION('',(-1.48029736616688E-15,-1.,0.));
#1859=DIRECTION('center_axis',(1.,1.48029736616688E-15,0.));
#1860=DIRECTION('ref_axis',(-1.48029736616688E-15,1.,0.));
#1861=DIRECTION('',(-1.48029736616688E-15,1.,0.));
#1862=DIRECTION('',(0.,0.,1.));
#1863=DIRECTION('',(0.,0.,1.));
#1864=DIRECTION('center_axis',(-3.41607084500049E-16,-1.,0.));
#1865=DIRECTION('ref_axis',(1.,-3.41607084500049E-16,0.));
#1866=DIRECTION('',(1.,-3.41607084500049E-16,0.));
#1867=DIRECTION('center_axis',(1.,0.,0.));
#1868=DIRECTION('ref_axis',(0.,1.,0.));
#1869=DIRECTION('',(0.,1.,0.));
#1870=DIRECTION('',(0.,0.,1.));
#1871=DIRECTION('',(0.,0.,1.));
#1872=DIRECTION('center_axis',(0.,-1.,0.));
#1873=DIRECTION('ref_axis',(1.,0.,0.));
#1874=DIRECTION('',(1.,0.,0.));
#1875=DIRECTION('center_axis',(1.,1.48029736616688E-15,0.));
#1876=DIRECTION('ref_axis',(-1.48029736616688E-15,1.,0.));
#1877=DIRECTION('',(-1.48029736616688E-15,1.,0.));
#1878=DIRECTION('',(0.,0.,1.));
#1879=DIRECTION('',(0.,0.,1.));
#1880=DIRECTION('center_axis',(0.,-1.,0.));
#1881=DIRECTION('ref_axis',(1.,0.,0.));
#1882=DIRECTION('',(1.,0.,0.));
#1883=DIRECTION('',(0.,0.,1.));
#1884=DIRECTION('center_axis',(1.,0.,0.));
#1885=DIRECTION('ref_axis',(0.,1.,0.));
#1886=DIRECTION('',(0.,1.,0.));
#1887=DIRECTION('',(0.,0.,1.));
#1888=DIRECTION('center_axis',(0.,-1.,0.));
#1889=DIRECTION('ref_axis',(1.,0.,0.));
#1890=DIRECTION('',(1.,0.,0.));
#1891=DIRECTION('',(0.,0.,1.));
#1892=DIRECTION('center_axis',(-1.,0.,0.));
#1893=DIRECTION('ref_axis',(0.,-1.,0.));
#1894=DIRECTION('',(0.,-1.,0.));
#1895=DIRECTION('',(0.,0.,1.));
#1896=DIRECTION('center_axis',(0.,-1.,0.));
#1897=DIRECTION('ref_axis',(1.,0.,0.));
#1898=DIRECTION('',(1.,0.,0.));
#1899=DIRECTION('',(0.,0.,1.));
#1900=DIRECTION('center_axis',(-1.,1.48029736616688E-15,0.));
#1901=DIRECTION('ref_axis',(-1.48029736616688E-15,-1.,0.));
#1902=DIRECTION('',(-1.48029736616688E-15,-1.,0.));
#1903=DIRECTION('',(0.,0.,-1.));
#1904=DIRECTION('center_axis',(-1.,6.83214169000096E-16,0.));
#1905=DIRECTION('ref_axis',(-6.83214169000096E-16,-1.,0.));
#1906=DIRECTION('',(0.,0.,1.));
#1907=DIRECTION('',(-6.83214169000096E-16,-1.,0.));
#1908=DIRECTION('',(0.,0.,1.));
#1909=DIRECTION('center_axis',(0.,-1.,0.));
#1910=DIRECTION('ref_axis',(1.,0.,0.));
#1911=DIRECTION('',(1.,0.,0.));
#1912=DIRECTION('',(0.,0.,1.));
#1913=DIRECTION('center_axis',(-1.,0.,0.));
#1914=DIRECTION('ref_axis',(0.,-1.,0.));
#1915=DIRECTION('',(0.,-1.,0.));
#1916=DIRECTION('',(0.,0.,-1.));
#1917=DIRECTION('center_axis',(-1.,3.41607084500048E-16,0.));
#1918=DIRECTION('ref_axis',(-3.41607084500048E-16,-1.,0.));
#1919=DIRECTION('',(0.,0.,1.));
#1920=DIRECTION('',(-3.41607084500048E-16,-1.,0.));
#1921=DIRECTION('',(0.,0.,1.));
#1922=DIRECTION('center_axis',(3.41607084500048E-16,-1.,0.));
#1923=DIRECTION('ref_axis',(1.,3.41607084500048E-16,0.));
#1924=DIRECTION('',(1.,3.41607084500048E-16,0.));
#1925=DIRECTION('',(0.,0.,1.));
#1926=DIRECTION('center_axis',(-1.,1.48029736616688E-15,0.));
#1927=DIRECTION('ref_axis',(-1.48029736616688E-15,-1.,0.));
#1928=DIRECTION('',(-1.48029736616688E-15,-1.,0.));
#1929=DIRECTION('',(0.,0.,-1.));
#1930=DIRECTION('center_axis',(1.38777878078144E-16,1.,0.));
#1931=DIRECTION('ref_axis',(-1.,1.38777878078144E-16,0.));
#1932=DIRECTION('',(-1.,1.38777878078144E-16,0.));
#1933=DIRECTION('',(0.,0.,1.));
#1934=DIRECTION('center_axis',(1.,-4.03717463500057E-16,0.));
#1935=DIRECTION('ref_axis',(4.03717463500057E-16,1.,0.));
#1936=DIRECTION('',(0.,0.,-1.));
#1937=DIRECTION('',(4.03717463500057E-16,1.,0.));
#1938=DIRECTION('center_axis',(0.,1.,0.));
#1939=DIRECTION('ref_axis',(-1.,0.,0.));
#1940=DIRECTION('',(-1.,0.,0.));
#1941=DIRECTION('',(0.,0.,1.));
#1942=DIRECTION('',(-1.,0.,0.));
#1943=DIRECTION('',(0.,0.,-1.));
#1944=DIRECTION('',(-1.,0.,0.));
#1945=DIRECTION('',(0.,0.,-1.));
#1946=DIRECTION('',(1.,0.,0.));
#1947=DIRECTION('',(0.,0.,1.));
#1948=DIRECTION('',(-1.,0.,0.));
#1949=DIRECTION('',(0.,0.,-1.));
#1950=DIRECTION('',(-1.,0.,0.));
#1951=DIRECTION('',(0.,0.,1.));
#1952=DIRECTION('',(-1.,0.,0.));
#1953=DIRECTION('center_axis',(0.,1.,0.));
#1954=DIRECTION('ref_axis',(-1.,0.,0.));
#1955=DIRECTION('',(-1.,0.,0.));
#1956=DIRECTION('',(0.,0.,1.));
#1957=DIRECTION('',(-1.,-1.11022302462516E-16,0.));
#1958=DIRECTION('',(0.,0.,-1.));
#1959=DIRECTION('',(-1.,-1.11022302462516E-16,0.));
#1960=DIRECTION('',(0.,0.,-1.));
#1961=DIRECTION('',(1.,0.,0.));
#1962=DIRECTION('',(0.,0.,1.));
#1963=DIRECTION('',(-1.,-1.11022302462516E-16,0.));
#1964=DIRECTION('',(0.,0.,-1.));
#1965=DIRECTION('',(-1.,-1.11022302462516E-16,0.));
#1966=DIRECTION('',(0.,0.,1.));
#1967=DIRECTION('',(-1.,0.,0.));
#1968=DIRECTION('center_axis',(0.,1.,0.));
#1969=DIRECTION('ref_axis',(-1.,0.,0.));
#1970=DIRECTION('',(-1.,0.,0.));
#1971=DIRECTION('',(0.,0.,1.));
#1972=DIRECTION('',(-1.,-1.11022302462516E-16,0.));
#1973=DIRECTION('',(0.,0.,-1.));
#1974=DIRECTION('',(-1.,-1.11022302462516E-16,0.));
#1975=DIRECTION('',(0.,0.,-1.));
#1976=DIRECTION('',(1.,0.,0.));
#1977=DIRECTION('',(0.,0.,1.));
#1978=DIRECTION('',(-1.,-1.11022302462516E-16,0.));
#1979=DIRECTION('',(0.,0.,-1.));
#1980=DIRECTION('',(-1.,-1.11022302462516E-16,0.));
#1981=DIRECTION('',(0.,0.,1.));
#1982=DIRECTION('',(-1.,0.,0.));
#1983=DIRECTION('center_axis',(-2.08166817117217E-16,-1.,0.));
#1984=DIRECTION('ref_axis',(1.,-2.08166817117217E-16,0.));
#1985=DIRECTION('',(1.,-2.08166817117217E-16,0.));
#1986=DIRECTION('',(0.,0.,1.));
#1987=DIRECTION('',(1.,0.,0.));
#1988=DIRECTION('',(0.,0.,-1.));
#1989=DIRECTION('',(1.,0.,0.));
#1990=DIRECTION('',(0.,0.,-1.));
#1991=DIRECTION('',(-1.,2.08166817117217E-16,0.));
#1992=DIRECTION('',(0.,0.,1.));
#1993=DIRECTION('',(1.,0.,0.));
#1994=DIRECTION('',(0.,0.,-1.));
#1995=DIRECTION('',(1.,0.,0.));
#1996=DIRECTION('',(0.,0.,1.));
#1997=DIRECTION('',(1.,-2.08166817117217E-16,0.));
#1998=DIRECTION('center_axis',(1.,0.,0.));
#1999=DIRECTION('ref_axis',(0.,-1.,0.));
#2000=DIRECTION('',(0.,0.,-1.));
#2001=DIRECTION('',(0.,-1.,0.));
#2002=DIRECTION('',(0.,0.,-1.));
#2003=DIRECTION('',(0.,-1.,0.));
#2004=DIRECTION('center_axis',(0.,0.,-1.));
#2005=DIRECTION('ref_axis',(-1.,0.,0.));
#2006=DIRECTION('',(-1.,0.,0.));
#2007=DIRECTION('',(1.,0.,0.));
#2008=DIRECTION('',(-5.16382802151236E-16,1.,0.));
#2009=DIRECTION('center_axis',(-1.,-5.16382802151236E-16,0.));
#2010=DIRECTION('ref_axis',(-5.16382802151236E-16,1.,0.));
#2011=DIRECTION('',(0.,0.,1.));
#2012=DIRECTION('',(0.,0.,-1.));
#2013=DIRECTION('',(-5.16382802151236E-16,1.,0.));
#2014=DIRECTION('center_axis',(1.,0.,0.));
#2015=DIRECTION('ref_axis',(0.,-1.,0.));
#2016=DIRECTION('',(0.,-1.,0.));
#2017=DIRECTION('',(0.,0.,-1.));
#2018=DIRECTION('',(0.,-1.,0.));
#2019=DIRECTION('center_axis',(0.,1.,0.));
#2020=DIRECTION('ref_axis',(1.,0.,0.));
#2021=DIRECTION('',(1.,0.,0.));
#2022=DIRECTION('center_axis',(-1.,-5.16382802151236E-16,0.));
#2023=DIRECTION('ref_axis',(-5.16382802151236E-16,1.,0.));
#2024=DIRECTION('',(-5.16382802151236E-16,1.,0.));
#2025=DIRECTION('',(0.,0.,-1.));
#2026=DIRECTION('',(-5.16382802151236E-16,1.,0.));
#2027=DIRECTION('center_axis',(0.,-1.,0.));
#2028=DIRECTION('ref_axis',(-1.,0.,0.));
#2029=DIRECTION('',(-1.,0.,0.));
#2030=DIRECTION('',(-1.,0.,0.));
#2031=DIRECTION('center_axis',(0.,0.,-1.));
#2032=DIRECTION('ref_axis',(-1.,0.,0.));
#2033=DIRECTION('center_axis',(1.,0.,0.));
#2034=DIRECTION('ref_axis',(0.,-1.,0.));
#2035=DIRECTION('',(0.,0.,-1.));
#2036=DIRECTION('',(0.,-1.,0.));
#2037=DIRECTION('',(0.,0.,-1.));
#2038=DIRECTION('',(0.,-1.,0.));
#2039=DIRECTION('center_axis',(0.,0.,-1.));
#2040=DIRECTION('ref_axis',(-1.,0.,0.));
#2041=DIRECTION('',(-1.,0.,0.));
#2042=DIRECTION('',(1.,0.,0.));
#2043=DIRECTION('',(-1.29095700537809E-16,1.,0.));
#2044=DIRECTION('center_axis',(-1.,-1.29095700537809E-16,0.));
#2045=DIRECTION('ref_axis',(-1.29095700537809E-16,1.,0.));
#2046=DIRECTION('',(0.,0.,1.));
#2047=DIRECTION('',(0.,0.,-1.));
#2048=DIRECTION('',(-1.29095700537809E-16,1.,0.));
#2049=DIRECTION('center_axis',(1.,0.,0.));
#2050=DIRECTION('ref_axis',(0.,-1.,0.));
#2051=DIRECTION('',(0.,-1.,0.));
#2052=DIRECTION('',(0.,0.,-1.));
#2053=DIRECTION('',(0.,-1.,0.));
#2054=DIRECTION('center_axis',(0.,1.,0.));
#2055=DIRECTION('ref_axis',(1.,0.,0.));
#2056=DIRECTION('',(1.,0.,0.));
#2057=DIRECTION('center_axis',(-1.,-1.29095700537809E-16,0.));
#2058=DIRECTION('ref_axis',(-1.29095700537809E-16,1.,0.));
#2059=DIRECTION('',(-1.29095700537809E-16,1.,0.));
#2060=DIRECTION('',(0.,0.,-1.));
#2061=DIRECTION('',(-1.29095700537809E-16,1.,0.));
#2062=DIRECTION('center_axis',(0.,-1.,0.));
#2063=DIRECTION('ref_axis',(-1.,0.,0.));
#2064=DIRECTION('',(-1.,0.,0.));
#2065=DIRECTION('',(-1.,0.,0.));
#2066=DIRECTION('center_axis',(0.,0.,-1.));
#2067=DIRECTION('ref_axis',(-1.,0.,0.));
#2068=DIRECTION('center_axis',(1.,0.,0.));
#2069=DIRECTION('ref_axis',(0.,-1.,0.));
#2070=DIRECTION('',(0.,-1.,0.));
#2071=DIRECTION('',(0.,0.,-1.));
#2072=DIRECTION('',(0.,-1.,0.));
#2073=DIRECTION('center_axis',(0.,0.,-1.));
#2074=DIRECTION('ref_axis',(-1.,0.,0.));
#2075=DIRECTION('',(1.,0.,0.));
#2076=DIRECTION('',(0.,1.,0.));
#2077=DIRECTION('center_axis',(-1.,0.,0.));
#2078=DIRECTION('ref_axis',(0.,1.,0.));
#2079=DIRECTION('',(0.,0.,-1.));
#2080=DIRECTION('',(0.,1.,0.));
#2081=DIRECTION('center_axis',(1.,0.,0.));
#2082=DIRECTION('ref_axis',(0.,-1.,0.));
#2083=DIRECTION('',(0.,-1.,0.));
#2084=DIRECTION('',(0.,0.,-1.));
#2085=DIRECTION('',(0.,-1.,0.));
#2086=DIRECTION('center_axis',(0.,1.,0.));
#2087=DIRECTION('ref_axis',(1.,0.,0.));
#2088=DIRECTION('',(1.,0.,0.));
#2089=DIRECTION('center_axis',(-1.,0.,0.));
#2090=DIRECTION('ref_axis',(0.,1.,0.));
#2091=DIRECTION('',(0.,1.,0.));
#2092=DIRECTION('',(0.,0.,-1.));
#2093=DIRECTION('',(0.,1.,0.));
#2094=DIRECTION('center_axis',(1.38777878078145E-16,-1.,0.));
#2095=DIRECTION('ref_axis',(-1.,-1.38777878078145E-16,0.));
#2096=DIRECTION('',(-1.,-1.38777878078145E-16,0.));
#2097=DIRECTION('',(-1.,-1.38777878078145E-16,0.));
#2098=DIRECTION('center_axis',(0.,0.,-1.));
#2099=DIRECTION('ref_axis',(-1.,0.,0.));
#2100=DIRECTION('center_axis',(0.,-1.,0.));
#2101=DIRECTION('ref_axis',(1.,0.,0.));
#2102=DIRECTION('',(1.,0.,0.));
#2103=DIRECTION('',(0.,0.,1.));
#2104=DIRECTION('',(1.,0.,0.));
#2105=DIRECTION('',(0.,0.,-1.));
#2106=DIRECTION('',(1.,0.,0.));
#2107=DIRECTION('',(1.,0.,0.));
#2108=DIRECTION('',(0.,0.,-1.));
#2109=DIRECTION('',(1.,0.,0.));
#2110=DIRECTION('',(0.,0.,1.));
#2111=DIRECTION('',(1.,0.,0.));
#2112=DIRECTION('center_axis',(0.,-1.,0.));
#2113=DIRECTION('ref_axis',(1.,0.,0.));
#2114=DIRECTION('',(1.,0.,0.));
#2115=DIRECTION('',(0.,0.,1.));
#2116=DIRECTION('',(1.,0.,0.));
#2117=DIRECTION('',(0.,0.,-1.));
#2118=DIRECTION('',(1.,0.,0.));
#2119=DIRECTION('',(1.,0.,0.));
#2120=DIRECTION('',(0.,0.,-1.));
#2121=DIRECTION('',(1.,0.,0.));
#2122=DIRECTION('',(0.,0.,1.));
#2123=DIRECTION('',(1.,0.,0.));
#2124=DIRECTION('center_axis',(0.,0.,1.));
#2125=DIRECTION('ref_axis',(1.,0.,0.));
#2126=DIRECTION('',(1.,0.,0.));
#2127=DIRECTION('',(0.,1.,0.));
#2128=DIRECTION('',(-1.,0.,0.));
#2129=DIRECTION('',(2.29701315439688E-16,-1.,0.));
#2130=DIRECTION('',(-4.82705662880503E-16,1.,0.));
#2131=DIRECTION('',(0.,-1.,0.));
#2132=DIRECTION('',(1.20676415720126E-16,1.,0.));
#2133=DIRECTION('',(0.,-1.,0.));
#2134=DIRECTION('',(-2.41352831440251E-16,1.,0.));
#2135=DIRECTION('',(0.,-1.,0.));
#2136=DIRECTION('center_axis',(0.,0.,-1.));
#2137=DIRECTION('ref_axis',(-1.,0.,0.));
#2138=DIRECTION('',(0.,1.,0.));
#2139=DIRECTION('',(0.,-1.,0.));
#2140=DIRECTION('center_axis',(0.,0.,-1.));
#2141=DIRECTION('ref_axis',(-1.,0.,0.));
#2142=DIRECTION('',(2.41352831440251E-16,-1.,0.));
#2143=DIRECTION('',(-2.41352831440251E-16,1.,0.));
#2144=DIRECTION('center_axis',(1.,0.,0.));
#2145=DIRECTION('ref_axis',(0.,-1.,0.));
#2146=DIRECTION('center_axis',(-1.,-2.41352831440251E-16,0.));
#2147=DIRECTION('ref_axis',(-2.41352831440251E-16,1.,0.));
#2148=DIRECTION('center_axis',(0.,0.,-1.));
#2149=DIRECTION('ref_axis',(-1.,0.,0.));
#2150=DIRECTION('',(0.,1.,0.));
#2151=DIRECTION('',(0.,-1.,0.));
#2152=DIRECTION('center_axis',(0.,0.,-1.));
#2153=DIRECTION('ref_axis',(-1.,0.,0.));
#2154=DIRECTION('',(0.,-1.,0.));
#2155=DIRECTION('',(1.20676415720126E-16,1.,0.));
#2156=DIRECTION('center_axis',(1.,0.,0.));
#2157=DIRECTION('ref_axis',(0.,-1.,0.));
#2158=DIRECTION('center_axis',(-1.,1.20676415720126E-16,0.));
#2159=DIRECTION('ref_axis',(1.20676415720126E-16,1.,0.));
#2160=DIRECTION('center_axis',(0.,0.,-1.));
#2161=DIRECTION('ref_axis',(-1.,0.,0.));
#2162=DIRECTION('',(-9.65411325761007E-16,1.,0.));
#2163=DIRECTION('',(0.,-1.,0.));
#2164=DIRECTION('center_axis',(0.,0.,-1.));
#2165=DIRECTION('ref_axis',(-1.,0.,0.));
#2166=DIRECTION('',(-2.41352831440251E-16,-1.,0.));
#2167=DIRECTION('',(-4.82705662880503E-16,1.,0.));
#2168=DIRECTION('center_axis',(1.,0.,0.));
#2169=DIRECTION('ref_axis',(0.,-1.,0.));
#2170=DIRECTION('center_axis',(-1.,-4.82705662880503E-16,0.));
#2171=DIRECTION('ref_axis',(-4.82705662880503E-16,1.,0.));
#2172=DIRECTION('center_axis',(1.,2.41352831440251E-16,0.));
#2173=DIRECTION('ref_axis',(-2.41352831440251E-16,1.,0.));
#2174=DIRECTION('',(-2.41352831440251E-16,1.,0.));
#2175=DIRECTION('center_axis',(1.,0.,0.));
#2176=DIRECTION('ref_axis',(0.,1.,0.));
#2177=DIRECTION('',(0.,1.,0.));
#2178=DIRECTION('center_axis',(1.,-2.41352831440251E-16,0.));
#2179=DIRECTION('ref_axis',(2.41352831440251E-16,1.,0.));
#2180=DIRECTION('',(2.41352831440251E-16,1.,0.));
#2181=DIRECTION('center_axis',(-1.,-9.65411325761007E-16,0.));
#2182=DIRECTION('ref_axis',(9.65411325761007E-16,-1.,0.));
#2183=DIRECTION('',(9.65411325761007E-16,-1.,0.));
#2184=DIRECTION('center_axis',(-1.,0.,0.));
#2185=DIRECTION('ref_axis',(0.,-1.,0.));
#2186=DIRECTION('',(0.,-1.,0.));
#2187=DIRECTION('center_axis',(-1.,0.,0.));
#2188=DIRECTION('ref_axis',(0.,-1.,0.));
#2189=DIRECTION('',(0.,-1.,0.));
#2190=DIRECTION('center_axis',(-1.,-2.29701315439688E-16,0.));
#2191=DIRECTION('ref_axis',(2.29701315439688E-16,-1.,0.));
#2192=DIRECTION('',(2.29701315439688E-16,-1.,0.));
#2193=DIRECTION('',(0.,0.,1.));
#2194=DIRECTION('',(0.,0.,1.));
#2195=DIRECTION('center_axis',(0.,1.,0.));
#2196=DIRECTION('ref_axis',(-1.,0.,0.));
#2197=DIRECTION('',(-1.,0.,0.));
#2198=DIRECTION('',(0.,0.,1.));
#2199=DIRECTION('center_axis',(1.,0.,0.));
#2200=DIRECTION('ref_axis',(0.,1.,0.));
#2201=DIRECTION('',(0.,1.,0.));
#2202=DIRECTION('',(0.,0.,1.));
#2203=DIRECTION('center_axis',(0.,-1.,0.));
#2204=DIRECTION('ref_axis',(1.,0.,0.));
#2205=DIRECTION('',(1.,0.,0.));
#2206=DIRECTION('center_axis',(0.,0.,1.));
#2207=DIRECTION('ref_axis',(1.,0.,0.));
#2208=CARTESIAN_POINT('',(0.,0.,0.));
#2209=CARTESIAN_POINT('Origin',(12.,-23.65,0.));
#2210=CARTESIAN_POINT('',(12.,-21.35,3.));
#2211=CARTESIAN_POINT('',(12.,-21.35,0.));
#2212=CARTESIAN_POINT('',(12.,-21.35,0.));
#2213=CARTESIAN_POINT('',(12.,-17.15,3.));
#2214=CARTESIAN_POINT('',(12.,-17.15,3.));
#2215=CARTESIAN_POINT('',(12.,-17.15,0.));
#2216=CARTESIAN_POINT('',(12.,-17.15,0.));
#2217=CARTESIAN_POINT('',(12.,-19.075,0.));
#2218=CARTESIAN_POINT('Origin',(12.,-15.65,0.));
#2219=CARTESIAN_POINT('',(12.,-13.35,3.));
#2220=CARTESIAN_POINT('',(12.,-13.35,0.));
#2221=CARTESIAN_POINT('',(12.,-13.35,0.));
#2222=CARTESIAN_POINT('',(12.,-9.15,3.));
#2223=CARTESIAN_POINT('',(12.,-9.15,3.));
#2224=CARTESIAN_POINT('',(12.,-9.15,0.));
#2225=CARTESIAN_POINT('',(12.,-9.15,0.));
#2226=CARTESIAN_POINT('',(12.,-15.075,0.));
#2227=CARTESIAN_POINT('Origin',(10.,-2.15,0.));
#2228=CARTESIAN_POINT('',(10.,-5.35,0.));
#2229=CARTESIAN_POINT('',(10.,-5.35,3.));
#2230=CARTESIAN_POINT('',(10.,-5.35,0.));
#2231=CARTESIAN_POINT('',(10.,-2.15,0.));
#2232=CARTESIAN_POINT('',(10.,-8.325,0.));
#2233=CARTESIAN_POINT('',(10.,-2.15,3.));
#2234=CARTESIAN_POINT('',(10.,-2.15,0.));
#2235=CARTESIAN_POINT('',(10.,-7.65,3.));
#2236=CARTESIAN_POINT('Origin',(11.,-14.5,3.));
#2237=CARTESIAN_POINT('',(12.,-5.35,3.));
#2238=CARTESIAN_POINT('',(7.00000000000001,-5.35,3.));
#2239=CARTESIAN_POINT('',(12.,-2.15,3.));
#2240=CARTESIAN_POINT('',(10.,-2.15,3.));
#2241=CARTESIAN_POINT('',(12.,-2.15,3.));
#2242=CARTESIAN_POINT('Origin',(11.,-14.5,3.));
#2243=CARTESIAN_POINT('',(10.,-13.35,3.));
#2244=CARTESIAN_POINT('',(7.,-13.35,3.));
#2245=CARTESIAN_POINT('',(10.,-9.15,3.));
#2246=CARTESIAN_POINT('',(10.,-15.65,3.));
#2247=CARTESIAN_POINT('',(6.75000000000001,-9.15,3.));
#2248=CARTESIAN_POINT('',(10.,-9.15,3.));
#2249=CARTESIAN_POINT('',(6.75000000000001,-7.65,3.));
#2250=CARTESIAN_POINT('',(6.75000000000001,-9.15,3.));
#2251=CARTESIAN_POINT('',(15.25,-7.65,3.));
#2252=CARTESIAN_POINT('',(15.,-7.65,3.));
#2253=CARTESIAN_POINT('',(15.25,-9.15,3.));
#2254=CARTESIAN_POINT('',(15.25,-7.65,3.));
#2255=CARTESIAN_POINT('',(15.25,-9.15,3.));
#2256=CARTESIAN_POINT('Origin',(11.,-14.5,3.));
#2257=CARTESIAN_POINT('',(10.,-21.35,3.));
#2258=CARTESIAN_POINT('',(7.,-21.35,3.));
#2259=CARTESIAN_POINT('',(10.,-17.15,3.));
#2260=CARTESIAN_POINT('',(10.,-23.65,3.));
#2261=CARTESIAN_POINT('',(6.75000000000001,-17.15,3.));
#2262=CARTESIAN_POINT('',(10.,-17.15,3.));
#2263=CARTESIAN_POINT('',(6.75000000000001,-15.65,3.));
#2264=CARTESIAN_POINT('',(6.75000000000001,-17.15,3.));
#2265=CARTESIAN_POINT('',(15.25,-15.65,3.));
#2266=CARTESIAN_POINT('',(15.,-15.65,3.));
#2267=CARTESIAN_POINT('',(15.25,-17.15,3.));
#2268=CARTESIAN_POINT('',(15.25,-15.65,3.));
#2269=CARTESIAN_POINT('',(15.25,-17.15,3.));
#2270=CARTESIAN_POINT('Origin',(11.,-14.5,3.));
#2271=CARTESIAN_POINT('',(15.25,-23.65,3.));
#2272=CARTESIAN_POINT('',(6.75000000000001,-23.65,3.));
#2273=CARTESIAN_POINT('',(15.,-23.65,3.));
#2274=CARTESIAN_POINT('',(15.25,-25.15,3.));
#2275=CARTESIAN_POINT('',(15.25,-23.65,3.));
#2276=CARTESIAN_POINT('',(12.,-25.15,3.));
#2277=CARTESIAN_POINT('',(15.25,-25.15,3.));
#2278=CARTESIAN_POINT('',(12.,-26.85,3.));
#2279=CARTESIAN_POINT('',(12.,-25.15,3.));
#2280=CARTESIAN_POINT('',(10.,-26.85,3.));
#2281=CARTESIAN_POINT('',(12.,-26.85,3.));
#2282=CARTESIAN_POINT('',(10.,-25.15,3.));
#2283=CARTESIAN_POINT('',(10.,-26.85,3.));
#2284=CARTESIAN_POINT('',(6.75000000000001,-25.15,3.));
#2285=CARTESIAN_POINT('',(10.,-25.15,3.));
#2286=CARTESIAN_POINT('',(6.75000000000001,-25.15,3.));
#2287=CARTESIAN_POINT('Origin',(15.25,-9.15,0.));
#2288=CARTESIAN_POINT('',(15.25,-9.15,0.));
#2289=CARTESIAN_POINT('',(15.25,-7.65,0.));
#2290=CARTESIAN_POINT('',(15.25,-11.825,0.));
#2291=CARTESIAN_POINT('',(15.25,-9.15,0.));
#2292=CARTESIAN_POINT('',(15.25,-7.65,0.));
#2293=CARTESIAN_POINT('Origin',(12.,-9.15,0.));
#2294=CARTESIAN_POINT('',(11.5,-9.15,0.));
#2295=CARTESIAN_POINT('Origin',(15.25,-17.15,0.));
#2296=CARTESIAN_POINT('',(15.25,-17.15,0.));
#2297=CARTESIAN_POINT('',(15.25,-15.65,0.));
#2298=CARTESIAN_POINT('',(15.25,-15.825,0.));
#2299=CARTESIAN_POINT('',(15.25,-17.15,0.));
#2300=CARTESIAN_POINT('',(15.25,-15.65,0.));
#2301=CARTESIAN_POINT('Origin',(12.,-17.15,0.));
#2302=CARTESIAN_POINT('',(11.5,-17.15,0.));
#2303=CARTESIAN_POINT('Origin',(15.25,-25.15,0.));
#2304=CARTESIAN_POINT('',(15.25,-25.15,0.));
#2305=CARTESIAN_POINT('',(15.25,-23.65,0.));
#2306=CARTESIAN_POINT('',(15.25,-19.825,0.));
#2307=CARTESIAN_POINT('',(15.25,-25.15,0.));
#2308=CARTESIAN_POINT('',(15.25,-23.65,0.));
#2309=CARTESIAN_POINT('Origin',(12.,-25.15,0.));
#2310=CARTESIAN_POINT('',(12.,-25.15,0.));
#2311=CARTESIAN_POINT('',(11.5,-25.15,0.));
#2312=CARTESIAN_POINT('',(12.,-25.15,0.));
#2313=CARTESIAN_POINT('Origin',(12.,-26.85,0.));
#2314=CARTESIAN_POINT('',(12.,-26.85,0.));
#2315=CARTESIAN_POINT('',(12.,-20.675,0.));
#2316=CARTESIAN_POINT('',(12.,-26.85,0.));
#2317=CARTESIAN_POINT('Origin',(10.,-26.85,0.));
#2318=CARTESIAN_POINT('',(10.,-26.85,0.));
#2319=CARTESIAN_POINT('',(10.5,-26.85,0.));
#2320=CARTESIAN_POINT('',(10.,-26.85,0.));
#2321=CARTESIAN_POINT('Origin',(10.,-25.15,0.));
#2322=CARTESIAN_POINT('',(10.,-25.15,0.));
#2323=CARTESIAN_POINT('',(10.,-19.825,0.));
#2324=CARTESIAN_POINT('',(10.,-25.15,0.));
#2325=CARTESIAN_POINT('Origin',(6.75000000000001,-25.15,0.));
#2326=CARTESIAN_POINT('',(6.75000000000001,-25.15,0.));
#2327=CARTESIAN_POINT('',(8.875,-25.15,0.));
#2328=CARTESIAN_POINT('',(6.75000000000001,-25.15,0.));
#2329=CARTESIAN_POINT('Origin',(6.75000000000001,-23.65,0.));
#2330=CARTESIAN_POINT('',(6.75000000000001,-23.65,0.));
#2331=CARTESIAN_POINT('',(6.75000000000002,-19.075,0.));
#2332=CARTESIAN_POINT('',(6.75000000000001,-23.65,0.));
#2333=CARTESIAN_POINT('Origin',(10.,-17.15,0.));
#2334=CARTESIAN_POINT('',(10.,-21.35,0.));
#2335=CARTESIAN_POINT('',(10.,-21.35,0.));
#2336=CARTESIAN_POINT('',(10.,-17.15,0.));
#2337=CARTESIAN_POINT('',(10.,-15.825,0.));
#2338=CARTESIAN_POINT('',(10.,-17.15,0.));
#2339=CARTESIAN_POINT('Origin',(6.75000000000001,-17.15,0.));
#2340=CARTESIAN_POINT('',(6.75000000000001,-17.15,0.));
#2341=CARTESIAN_POINT('',(8.875,-17.15,0.));
#2342=CARTESIAN_POINT('',(6.75000000000001,-17.15,0.));
#2343=CARTESIAN_POINT('Origin',(6.75000000000001,-15.65,0.));
#2344=CARTESIAN_POINT('',(6.75000000000001,-15.65,0.));
#2345=CARTESIAN_POINT('',(6.75000000000001,-15.075,0.));
#2346=CARTESIAN_POINT('',(6.75000000000001,-15.65,0.));
#2347=CARTESIAN_POINT('Origin',(10.,-9.15,0.));
#2348=CARTESIAN_POINT('',(10.,-13.35,0.));
#2349=CARTESIAN_POINT('',(10.,-13.35,0.));
#2350=CARTESIAN_POINT('',(10.,-9.15,0.));
#2351=CARTESIAN_POINT('',(10.,-11.825,0.));
#2352=CARTESIAN_POINT('',(10.,-9.15,0.));
#2353=CARTESIAN_POINT('Origin',(6.75000000000001,-9.15,0.));
#2354=CARTESIAN_POINT('',(6.75000000000001,-9.15,0.));
#2355=CARTESIAN_POINT('',(8.875,-9.15,0.));
#2356=CARTESIAN_POINT('',(6.75000000000001,-9.15,0.));
#2357=CARTESIAN_POINT('Origin',(6.75000000000001,-7.65,0.));
#2358=CARTESIAN_POINT('',(6.75000000000001,-7.65,0.));
#2359=CARTESIAN_POINT('',(6.75000000000001,-11.075,0.));
#2360=CARTESIAN_POINT('',(6.75000000000001,-7.65,0.));
#2361=CARTESIAN_POINT('Origin',(12.,-2.15,0.));
#2362=CARTESIAN_POINT('',(12.,-2.15,0.));
#2363=CARTESIAN_POINT('',(11.5,-2.15,0.));
#2364=CARTESIAN_POINT('',(12.,-2.15,0.));
#2365=CARTESIAN_POINT('Origin',(12.,-7.65,0.));
#2366=CARTESIAN_POINT('',(12.,-5.35,0.));
#2367=CARTESIAN_POINT('',(12.,-5.35,0.));
#2368=CARTESIAN_POINT('',(12.,-11.075,0.));
#2369=CARTESIAN_POINT('Origin',(19.,-23.65,0.));
#2370=CARTESIAN_POINT('',(3.,-23.65,0.));
#2371=CARTESIAN_POINT('',(19.,-23.65,0.));
#2372=CARTESIAN_POINT('',(3.,-23.65,0.5));
#2373=CARTESIAN_POINT('',(3.,-23.65,0.));
#2374=CARTESIAN_POINT('',(1.,-23.65,0.5));
#2375=CARTESIAN_POINT('',(1.,-23.65,0.5));
#2376=CARTESIAN_POINT('',(1.,-23.65,4.5));
#2377=CARTESIAN_POINT('',(1.,-23.65,4.5));
#2378=CARTESIAN_POINT('',(3.,-23.65,4.5));
#2379=CARTESIAN_POINT('',(16.,-23.65,4.5));
#2380=CARTESIAN_POINT('',(3.,-23.65,3.5));
#2381=CARTESIAN_POINT('',(3.,-23.65,2.25));
#2382=CARTESIAN_POINT('',(19.,-23.65,3.5));
#2383=CARTESIAN_POINT('',(15.,-23.65,3.5));
#2384=CARTESIAN_POINT('',(19.,-23.65,4.5));
#2385=CARTESIAN_POINT('',(19.,-23.65,2.25));
#2386=CARTESIAN_POINT('',(21.,-23.65,4.5));
#2387=CARTESIAN_POINT('',(16.,-23.65,4.5));
#2388=CARTESIAN_POINT('',(21.,-23.65,0.5));
#2389=CARTESIAN_POINT('',(21.,-23.65,4.5));
#2390=CARTESIAN_POINT('',(19.,-23.65,0.5));
#2391=CARTESIAN_POINT('',(1.,-23.65,0.5));
#2392=CARTESIAN_POINT('',(19.,-23.65,0.));
#2393=CARTESIAN_POINT('',(19.,-23.65,0.));
#2394=CARTESIAN_POINT('',(19.,-23.65,0.));
#2395=CARTESIAN_POINT('Origin',(19.,-15.65,0.));
#2396=CARTESIAN_POINT('',(3.,-15.65,0.));
#2397=CARTESIAN_POINT('',(19.,-15.65,0.));
#2398=CARTESIAN_POINT('',(3.,-15.65,0.5));
#2399=CARTESIAN_POINT('',(3.,-15.65,0.));
#2400=CARTESIAN_POINT('',(1.,-15.65,0.5));
#2401=CARTESIAN_POINT('',(1.,-15.65,0.5));
#2402=CARTESIAN_POINT('',(1.,-15.65,4.5));
#2403=CARTESIAN_POINT('',(1.,-15.65,4.5));
#2404=CARTESIAN_POINT('',(3.,-15.65,4.5));
#2405=CARTESIAN_POINT('',(16.,-15.65,4.5));
#2406=CARTESIAN_POINT('',(3.,-15.65,3.5));
#2407=CARTESIAN_POINT('',(3.,-15.65,2.25));
#2408=CARTESIAN_POINT('',(19.,-15.65,3.5));
#2409=CARTESIAN_POINT('',(15.,-15.65,3.5));
#2410=CARTESIAN_POINT('',(19.,-15.65,4.5));
#2411=CARTESIAN_POINT('',(19.,-15.65,2.25));
#2412=CARTESIAN_POINT('',(21.,-15.65,4.5));
#2413=CARTESIAN_POINT('',(16.,-15.65,4.5));
#2414=CARTESIAN_POINT('',(21.,-15.65,0.5));
#2415=CARTESIAN_POINT('',(21.,-15.65,4.5));
#2416=CARTESIAN_POINT('',(19.,-15.65,0.5));
#2417=CARTESIAN_POINT('',(1.,-15.65,0.5));
#2418=CARTESIAN_POINT('',(19.,-15.65,0.));
#2419=CARTESIAN_POINT('',(19.,-15.65,0.));
#2420=CARTESIAN_POINT('',(19.,-15.65,0.));
#2421=CARTESIAN_POINT('Origin',(19.,-7.65,0.));
#2422=CARTESIAN_POINT('',(3.,-7.65,0.));
#2423=CARTESIAN_POINT('',(19.,-7.65,0.));
#2424=CARTESIAN_POINT('',(3.,-7.65,0.5));
#2425=CARTESIAN_POINT('',(3.,-7.65,0.));
#2426=CARTESIAN_POINT('',(1.,-7.65,0.5));
#2427=CARTESIAN_POINT('',(1.,-7.65,0.5));
#2428=CARTESIAN_POINT('',(1.,-7.65,4.5));
#2429=CARTESIAN_POINT('',(1.,-7.65,4.5));
#2430=CARTESIAN_POINT('',(3.,-7.65,4.5));
#2431=CARTESIAN_POINT('',(16.,-7.65,4.5));
#2432=CARTESIAN_POINT('',(3.,-7.65,3.5));
#2433=CARTESIAN_POINT('',(3.,-7.65,2.25));
#2434=CARTESIAN_POINT('',(19.,-7.65,3.5));
#2435=CARTESIAN_POINT('',(15.,-7.65,3.5));
#2436=CARTESIAN_POINT('',(19.,-7.65,4.5));
#2437=CARTESIAN_POINT('',(19.,-7.65,2.25));
#2438=CARTESIAN_POINT('',(21.,-7.65,4.5));
#2439=CARTESIAN_POINT('',(16.,-7.65,4.5));
#2440=CARTESIAN_POINT('',(21.,-7.65,0.5));
#2441=CARTESIAN_POINT('',(21.,-7.65,4.5));
#2442=CARTESIAN_POINT('',(19.,-7.65,0.5));
#2443=CARTESIAN_POINT('',(1.,-7.65,0.5));
#2444=CARTESIAN_POINT('',(19.,-7.65,0.));
#2445=CARTESIAN_POINT('',(19.,-7.65,0.));
#2446=CARTESIAN_POINT('',(19.,-7.65,0.));
#2447=CARTESIAN_POINT('Origin',(3.,-5.35,0.));
#2448=CARTESIAN_POINT('',(19.,-5.35,0.));
#2449=CARTESIAN_POINT('',(3.,-5.35,0.));
#2450=CARTESIAN_POINT('',(19.,-5.35,0.5));
#2451=CARTESIAN_POINT('',(19.,-5.35,0.));
#2452=CARTESIAN_POINT('',(21.,-5.35,0.5));
#2453=CARTESIAN_POINT('',(21.,-5.35,0.5));
#2454=CARTESIAN_POINT('',(21.,-5.35,4.5));
#2455=CARTESIAN_POINT('',(21.,-5.35,4.5));
#2456=CARTESIAN_POINT('',(19.,-5.35,4.5));
#2457=CARTESIAN_POINT('',(6.,-5.35,4.5));
#2458=CARTESIAN_POINT('',(19.,-5.35,3.5));
#2459=CARTESIAN_POINT('',(19.,-5.35,2.25));
#2460=CARTESIAN_POINT('',(3.,-5.35,3.5));
#2461=CARTESIAN_POINT('',(7.,-5.35,3.5));
#2462=CARTESIAN_POINT('',(3.,-5.35,4.5));
#2463=CARTESIAN_POINT('',(3.,-5.35,2.25));
#2464=CARTESIAN_POINT('',(1.,-5.35,4.5));
#2465=CARTESIAN_POINT('',(6.,-5.35,4.5));
#2466=CARTESIAN_POINT('',(1.,-5.35,0.5));
#2467=CARTESIAN_POINT('',(1.,-5.35,4.5));
#2468=CARTESIAN_POINT('',(3.,-5.35,0.5));
#2469=CARTESIAN_POINT('',(21.,-5.35,0.5));
#2470=CARTESIAN_POINT('',(3.,-5.35,0.));
#2471=CARTESIAN_POINT('',(3.,-5.35,0.));
#2472=CARTESIAN_POINT('',(3.,-5.35,0.));
#2473=CARTESIAN_POINT('Origin',(19.,-20.2544533917771,4.5));
#2474=CARTESIAN_POINT('',(19.,-21.35,4.5));
#2475=CARTESIAN_POINT('',(19.,-21.35,3.5));
#2476=CARTESIAN_POINT('',(19.,-21.35,2.25));
#2477=CARTESIAN_POINT('',(19.,-20.2544533917771,4.5));
#2478=CARTESIAN_POINT('',(19.,-17.3772266958885,4.5));
#2479=CARTESIAN_POINT('',(19.,-20.2544533917771,3.5));
#2480=CARTESIAN_POINT('',(19.,-20.2544533917771,4.5));
#2481=CARTESIAN_POINT('',(19.,-24.5544533917771,3.5));
#2482=CARTESIAN_POINT('Origin',(11.,-22.4044533917771,3.5));
#2483=CARTESIAN_POINT('',(3.,-21.35,3.5));
#2484=CARTESIAN_POINT('',(7.,-21.35,3.5));
#2485=CARTESIAN_POINT('',(3.,-20.2544533917771,3.5));
#2486=CARTESIAN_POINT('',(19.,-20.2544533917771,3.5));
#2487=CARTESIAN_POINT('',(3.,-20.2544533917771,3.5));
#2488=CARTESIAN_POINT('Origin',(3.,-24.5544533917771,4.5));
#2489=CARTESIAN_POINT('',(3.,-21.35,4.5));
#2490=CARTESIAN_POINT('',(3.,-21.35,2.25));
#2491=CARTESIAN_POINT('',(3.,-20.2544533917771,4.5));
#2492=CARTESIAN_POINT('',(3.,-20.2544533917771,4.5));
#2493=CARTESIAN_POINT('',(3.,-19.5272266958885,4.5));
#2494=CARTESIAN_POINT('Origin',(19.,-20.2544533917771,4.5));
#2495=CARTESIAN_POINT('',(19.,-24.5544533917771,3.5));
#2496=CARTESIAN_POINT('',(19.,-24.5544533917771,3.5));
#2497=CARTESIAN_POINT('',(19.,-24.5544533917771,4.5));
#2498=CARTESIAN_POINT('',(19.,-24.5544533917771,4.5));
#2499=CARTESIAN_POINT('',(19.,-17.3772266958885,4.5));
#2500=CARTESIAN_POINT('Origin',(3.,-20.2544533917771,4.5));
#2501=CARTESIAN_POINT('',(7.,-20.2544533917771,4.5));
#2502=CARTESIAN_POINT('Origin',(3.,-24.5544533917771,4.5));
#2503=CARTESIAN_POINT('',(3.,-24.5544533917771,4.5));
#2504=CARTESIAN_POINT('',(3.,-19.5272266958885,4.5));
#2505=CARTESIAN_POINT('',(3.,-24.5544533917771,3.5));
#2506=CARTESIAN_POINT('',(3.,-24.5544533917771,4.5));
#2507=CARTESIAN_POINT('',(3.,-20.2544533917771,3.5));
#2508=CARTESIAN_POINT('Origin',(19.,-24.5544533917771,4.5));
#2509=CARTESIAN_POINT('',(15.,-24.5544533917771,4.5));
#2510=CARTESIAN_POINT('',(3.,-24.5544533917771,3.5));
#2511=CARTESIAN_POINT('Origin',(11.,-22.4044533917771,3.5));
#2512=CARTESIAN_POINT('Origin',(19.,-12.35,4.5));
#2513=CARTESIAN_POINT('',(19.,-13.35,4.5));
#2514=CARTESIAN_POINT('',(19.,-13.35,3.5));
#2515=CARTESIAN_POINT('',(19.,-13.35,2.25));
#2516=CARTESIAN_POINT('',(19.,-12.35,4.5));
#2517=CARTESIAN_POINT('',(19.,-13.425,4.5));
#2518=CARTESIAN_POINT('',(19.,-12.35,3.5));
#2519=CARTESIAN_POINT('',(19.,-12.35,4.5));
#2520=CARTESIAN_POINT('',(19.,-16.65,3.5));
#2521=CARTESIAN_POINT('Origin',(11.,-14.5,3.5));
#2522=CARTESIAN_POINT('',(3.,-13.35,3.5));
#2523=CARTESIAN_POINT('',(7.,-13.35,3.5));
#2524=CARTESIAN_POINT('',(3.,-12.35,3.5));
#2525=CARTESIAN_POINT('',(19.,-12.35,3.5));
#2526=CARTESIAN_POINT('',(3.,-12.35,3.5));
#2527=CARTESIAN_POINT('Origin',(3.,-16.65,4.5));
#2528=CARTESIAN_POINT('',(3.,-13.35,4.5));
#2529=CARTESIAN_POINT('',(3.,-13.35,2.25));
#2530=CARTESIAN_POINT('',(3.,-12.35,4.5));
#2531=CARTESIAN_POINT('',(3.,-12.35,4.5));
#2532=CARTESIAN_POINT('',(3.,-15.575,4.5));
#2533=CARTESIAN_POINT('Origin',(19.,-12.35,4.5));
#2534=CARTESIAN_POINT('',(19.,-16.65,3.5));
#2535=CARTESIAN_POINT('',(19.,-16.65,3.5));
#2536=CARTESIAN_POINT('',(19.,-16.65,4.5));
#2537=CARTESIAN_POINT('',(19.,-16.65,4.5));
#2538=CARTESIAN_POINT('',(19.,-13.425,4.5));
#2539=CARTESIAN_POINT('Origin',(3.,-12.35,4.5));
#2540=CARTESIAN_POINT('',(7.,-12.35,4.5));
#2541=CARTESIAN_POINT('Origin',(3.,-16.65,4.5));
#2542=CARTESIAN_POINT('',(3.,-16.65,4.5));
#2543=CARTESIAN_POINT('',(3.,-15.575,4.5));
#2544=CARTESIAN_POINT('',(3.,-16.65,3.5));
#2545=CARTESIAN_POINT('',(3.,-16.65,4.5));
#2546=CARTESIAN_POINT('',(3.,-12.35,3.5));
#2547=CARTESIAN_POINT('Origin',(19.,-16.65,4.5));
#2548=CARTESIAN_POINT('',(15.,-16.65,4.5));
#2549=CARTESIAN_POINT('',(3.,-16.65,3.5));
#2550=CARTESIAN_POINT('Origin',(11.,-14.5,3.5));
#2551=CARTESIAN_POINT('Origin',(19.,-4.35,4.5));
#2552=CARTESIAN_POINT('',(19.,-4.35,4.5));
#2553=CARTESIAN_POINT('',(19.,-9.425,4.5));
#2554=CARTESIAN_POINT('',(19.,-4.35,3.5));
#2555=CARTESIAN_POINT('',(19.,-4.35,4.5));
#2556=CARTESIAN_POINT('',(19.,-8.65,3.5));
#2557=CARTESIAN_POINT('Origin',(11.,-6.5,3.5));
#2558=CARTESIAN_POINT('',(3.,-4.35,3.5));
#2559=CARTESIAN_POINT('',(19.,-4.35,3.5));
#2560=CARTESIAN_POINT('',(3.,-4.35,3.5));
#2561=CARTESIAN_POINT('Origin',(3.,-8.65,4.5));
#2562=CARTESIAN_POINT('',(3.,-4.35,4.5));
#2563=CARTESIAN_POINT('',(3.,-4.35,4.5));
#2564=CARTESIAN_POINT('',(3.,-11.575,4.5));
#2565=CARTESIAN_POINT('Origin',(19.,-4.35,4.5));
#2566=CARTESIAN_POINT('',(19.,-8.65,3.5));
#2567=CARTESIAN_POINT('',(19.,-8.65,3.5));
#2568=CARTESIAN_POINT('',(19.,-8.65,4.5));
#2569=CARTESIAN_POINT('',(19.,-8.65,4.5));
#2570=CARTESIAN_POINT('',(19.,-9.425,4.5));
#2571=CARTESIAN_POINT('Origin',(3.,-4.35,4.5));
#2572=CARTESIAN_POINT('',(7.,-4.35,4.5));
#2573=CARTESIAN_POINT('Origin',(3.,-8.65,4.5));
#2574=CARTESIAN_POINT('',(3.,-8.65,4.5));
#2575=CARTESIAN_POINT('',(3.,-11.575,4.5));
#2576=CARTESIAN_POINT('',(3.,-8.65,3.5));
#2577=CARTESIAN_POINT('',(3.,-8.65,4.5));
#2578=CARTESIAN_POINT('',(3.,-4.35,3.5));
#2579=CARTESIAN_POINT('Origin',(19.,-8.65,4.5));
#2580=CARTESIAN_POINT('',(15.,-8.65,4.5));
#2581=CARTESIAN_POINT('',(3.,-8.65,3.5));
#2582=CARTESIAN_POINT('Origin',(11.,-6.5,3.5));
#2583=CARTESIAN_POINT('Origin',(3.,-21.35,0.));
#2584=CARTESIAN_POINT('',(19.,-21.35,0.));
#2585=CARTESIAN_POINT('',(3.,-21.35,0.));
#2586=CARTESIAN_POINT('',(19.,-21.35,0.5));
#2587=CARTESIAN_POINT('',(19.,-21.35,0.));
#2588=CARTESIAN_POINT('',(21.,-21.35,0.5));
#2589=CARTESIAN_POINT('',(21.,-21.35,0.5));
#2590=CARTESIAN_POINT('',(21.,-21.35,4.5));
#2591=CARTESIAN_POINT('',(21.,-21.35,4.5));
#2592=CARTESIAN_POINT('',(6.,-21.35,4.5));
#2593=CARTESIAN_POINT('',(1.,-21.35,4.5));
#2594=CARTESIAN_POINT('',(6.,-21.35,4.5));
#2595=CARTESIAN_POINT('',(1.,-21.35,0.5));
#2596=CARTESIAN_POINT('',(1.,-21.35,4.5));
#2597=CARTESIAN_POINT('',(3.,-21.35,0.5));
#2598=CARTESIAN_POINT('',(21.,-21.35,0.5));
#2599=CARTESIAN_POINT('',(3.,-21.35,0.));
#2600=CARTESIAN_POINT('',(3.,-21.35,0.));
#2601=CARTESIAN_POINT('',(3.,-21.35,0.));
#2602=CARTESIAN_POINT('Origin',(3.,-13.35,0.));
#2603=CARTESIAN_POINT('',(19.,-13.35,0.));
#2604=CARTESIAN_POINT('',(3.,-13.35,0.));
#2605=CARTESIAN_POINT('',(19.,-13.35,0.5));
#2606=CARTESIAN_POINT('',(19.,-13.35,0.));
#2607=CARTESIAN_POINT('',(21.,-13.35,0.5));
#2608=CARTESIAN_POINT('',(21.,-13.35,0.5));
#2609=CARTESIAN_POINT('',(21.,-13.35,4.5));
#2610=CARTESIAN_POINT('',(21.,-13.35,4.5));
#2611=CARTESIAN_POINT('',(6.,-13.35,4.5));
#2612=CARTESIAN_POINT('',(1.,-13.35,4.5));
#2613=CARTESIAN_POINT('',(6.,-13.35,4.5));
#2614=CARTESIAN_POINT('',(1.,-13.35,0.5));
#2615=CARTESIAN_POINT('',(1.,-13.35,4.5));
#2616=CARTESIAN_POINT('',(3.,-13.35,0.5));
#2617=CARTESIAN_POINT('',(21.,-13.35,0.5));
#2618=CARTESIAN_POINT('',(3.,-13.35,0.));
#2619=CARTESIAN_POINT('',(3.,-13.35,0.));
#2620=CARTESIAN_POINT('',(3.,-13.35,0.));
#2621=CARTESIAN_POINT('Origin',(11.,-14.5,4.5));
#2622=CARTESIAN_POINT('',(6.66133814775094E-15,-29.,4.5));
#2623=CARTESIAN_POINT('',(22.,-29.,4.5));
#2624=CARTESIAN_POINT('',(8.88178419700125E-15,-29.,4.5));
#2625=CARTESIAN_POINT('',(22.,0.,4.5));
#2626=CARTESIAN_POINT('',(22.,-29.,4.5));
#2627=CARTESIAN_POINT('',(0.,0.,4.5));
#2628=CARTESIAN_POINT('',(22.,0.,4.5));
#2629=CARTESIAN_POINT('',(0.,0.,4.5));
#2630=CARTESIAN_POINT('',(1.,-11.075,4.5));
#2631=CARTESIAN_POINT('',(21.,-9.925,4.5));
#2632=CARTESIAN_POINT('',(1.,-15.075,4.5));
#2633=CARTESIAN_POINT('',(21.,-13.925,4.5));
#2634=CARTESIAN_POINT('',(1.,-19.075,4.5));
#2635=CARTESIAN_POINT('',(21.,-17.925,4.5));
#2636=CARTESIAN_POINT('Origin',(11.,-22.5,0.5));
#2637=CARTESIAN_POINT('',(19.,-21.925,0.5));
#2638=CARTESIAN_POINT('',(21.,-23.65,0.5));
#2639=CARTESIAN_POINT('Origin',(11.,-22.5,0.5));
#2640=CARTESIAN_POINT('',(3.,-23.075,0.5));
#2641=CARTESIAN_POINT('',(1.,-21.35,0.5));
#2642=CARTESIAN_POINT('Origin',(21.,-21.35,4.5));
#2643=CARTESIAN_POINT('Origin',(1.,-23.65,4.5));
#2644=CARTESIAN_POINT('Origin',(11.,-14.5,0.5));
#2645=CARTESIAN_POINT('',(19.,-13.925,0.5));
#2646=CARTESIAN_POINT('',(21.,-15.65,0.5));
#2647=CARTESIAN_POINT('Origin',(11.,-14.5,0.5));
#2648=CARTESIAN_POINT('',(3.,-15.075,0.5));
#2649=CARTESIAN_POINT('',(1.,-13.35,0.5));
#2650=CARTESIAN_POINT('Origin',(21.,-13.35,4.5));
#2651=CARTESIAN_POINT('Origin',(1.,-15.65,4.5));
#2652=CARTESIAN_POINT('Origin',(11.,-6.5,0.5));
#2653=CARTESIAN_POINT('',(19.,-5.925,0.5));
#2654=CARTESIAN_POINT('',(21.,-7.65,0.5));
#2655=CARTESIAN_POINT('Origin',(11.,-6.5,0.5));
#2656=CARTESIAN_POINT('',(3.,-7.075,0.5));
#2657=CARTESIAN_POINT('',(1.,-5.35,0.5));
#2658=CARTESIAN_POINT('Origin',(21.,-5.35,4.5));
#2659=CARTESIAN_POINT('Origin',(1.,-7.65,4.5));
#2660=CARTESIAN_POINT('Origin',(3.,-23.65,0.));
#2661=CARTESIAN_POINT('',(3.,-23.65,0.));
#2662=CARTESIAN_POINT('Origin',(3.,-15.65,0.));
#2663=CARTESIAN_POINT('',(3.,-15.65,0.));
#2664=CARTESIAN_POINT('Origin',(3.,-7.65,0.));
#2665=CARTESIAN_POINT('',(3.,-7.65,0.));
#2666=CARTESIAN_POINT('Origin',(19.,-5.35,0.));
#2667=CARTESIAN_POINT('',(19.,-5.35,0.));
#2668=CARTESIAN_POINT('Origin',(19.,-13.35,0.));
#2669=CARTESIAN_POINT('',(19.,-13.35,0.));
#2670=CARTESIAN_POINT('Origin',(19.,-21.35,0.));
#2671=CARTESIAN_POINT('',(19.,-21.35,0.));
#2672=CARTESIAN_POINT('Origin',(0.,0.,0.));
#2673=CARTESIAN_POINT('',(0.,0.,0.));
#2674=CARTESIAN_POINT('',(6.66133814775094E-15,-29.,0.));
#2675=CARTESIAN_POINT('',(0.,0.,0.));
#2676=CARTESIAN_POINT('',(6.66133814775094E-15,-29.,0.));
#2677=CARTESIAN_POINT('',(0.,0.,0.));
#2678=CARTESIAN_POINT('Origin',(22.,0.,0.));
#2679=CARTESIAN_POINT('',(22.,0.,0.));
#2680=CARTESIAN_POINT('',(22.,0.,0.));
#2681=CARTESIAN_POINT('',(22.,0.,0.));
#2682=CARTESIAN_POINT('Origin',(22.,-29.,0.));
#2683=CARTESIAN_POINT('',(22.,-29.,0.));
#2684=CARTESIAN_POINT('',(22.,-29.,0.));
#2685=CARTESIAN_POINT('',(22.,-29.,0.));
#2686=CARTESIAN_POINT('Origin',(6.66133814775094E-15,-29.,0.));
#2687=CARTESIAN_POINT('',(8.88178419700125E-15,-29.,0.));
#2688=CARTESIAN_POINT('Origin',(11.,-14.5,0.));
#2689=UNCERTAINTY_MEASURE_WITH_UNIT(LENGTH_MEASURE(0.01),#2693,
'DISTANCE_ACCURACY_VALUE',
'Maximum model space distance between geometric entities at asserted c
onnectivities');
#2690=UNCERTAINTY_MEASURE_WITH_UNIT(LENGTH_MEASURE(0.01),#2693,
'DISTANCE_ACCURACY_VALUE',
'Maximum model space distance between geometric entities at asserted c
onnectivities');
#2691=(
GEOMETRIC_REPRESENTATION_CONTEXT(3)
GLOBAL_UNCERTAINTY_ASSIGNED_CONTEXT((#2689))
GLOBAL_UNIT_ASSIGNED_CONTEXT((#2693,#2695,#2696))
REPRESENTATION_CONTEXT('','3D')
);
#2692=(
GEOMETRIC_REPRESENTATION_CONTEXT(3)
GLOBAL_UNCERTAINTY_ASSIGNED_CONTEXT((#2690))
GLOBAL_UNIT_ASSIGNED_CONTEXT((#2693,#2695,#2696))
REPRESENTATION_CONTEXT('','3D')
);
#2693=(
LENGTH_UNIT()
NAMED_UNIT(*)
SI_UNIT(.MILLI.,.METRE.)
);
#2694=(
LENGTH_UNIT()
NAMED_UNIT(*)
SI_UNIT(.CENTI.,.METRE.)
);
#2695=(
NAMED_UNIT(*)
PLANE_ANGLE_UNIT()
SI_UNIT($,.RADIAN.)
);
#2696=(
NAMED_UNIT(*)
SI_UNIT($,.STERADIAN.)
SOLID_ANGLE_UNIT()
);
#2697=SHAPE_DEFINITION_REPRESENTATION(#2698,#2699);
#2698=PRODUCT_DEFINITION_SHAPE('',$,#2701);
#2699=SHAPE_REPRESENTATION('',(#1725),#2691);
#2700=PRODUCT_DEFINITION_CONTEXT('part definition',#2705,'design');
#2701=PRODUCT_DEFINITION('Lightpipe shield','Lightpipe shield',#2702,#2700);
#2702=PRODUCT_DEFINITION_FORMATION('',$,#2707);
#2703=PRODUCT_RELATED_PRODUCT_CATEGORY('Lightpipe shield',
'Lightpipe shield',(#2707));
#2704=APPLICATION_PROTOCOL_DEFINITION('international standard',
'automotive_design',2009,#2705);
#2705=APPLICATION_CONTEXT(
'Core Data for Automotive Mechanical Design Process');
#2706=PRODUCT_CONTEXT('part definition',#2705,'mechanical');
#2707=PRODUCT('Lightpipe shield','Lightpipe shield',$,(#2706));
#2708=PRESENTATION_STYLE_ASSIGNMENT((#2709));
#2709=SURFACE_STYLE_USAGE(.BOTH.,#2712);
#2710=SURFACE_STYLE_RENDERING_WITH_PROPERTIES($,#2716,(#2711));
#2711=SURFACE_STYLE_TRANSPARENT(0.);
#2712=SURFACE_SIDE_STYLE('',(#2713,#2710));
#2713=SURFACE_STYLE_FILL_AREA(#2714);
#2714=FILL_AREA_STYLE('',(#2715));
#2715=FILL_AREA_STYLE_COLOUR('',#2716);
#2716=COLOUR_RGB('',0.749019607843137,0.749019607843137,0.749019607843137);
ENDSEC;
END-ISO-10303-21;
